ISO-10303-21;
HEADER;
FILE_DESCRIPTION((''),'2;1');
FILE_NAME('1718564003','2020-04-30T',('gga'),(''),
'PRO/ENGINEER BY PARAMETRIC TECHNOLOGY CORPORATION, 2016010',
'PRO/ENGINEER BY PARAMETRIC TECHNOLOGY CORPORATION, 2016010','');
FILE_SCHEMA(('CONFIG_CONTROL_DESIGN'));
ENDSEC;
DATA;
#1=DIRECTION('',(0.E0,-1.E0,0.E0));
#2=VECTOR('',#1,1.25E-1);
#3=CARTESIAN_POINT('',(-1.47E-1,6.25E-2,1.25E-1));
#4=LINE('',#3,#2);
#5=DIRECTION('',(0.E0,0.E0,-1.E0));
#6=VECTOR('',#5,2.5E-1);
#7=CARTESIAN_POINT('',(-1.47E-1,-6.25E-2,1.25E-1));
#8=LINE('',#7,#6);
#9=DIRECTION('',(0.E0,1.E0,0.E0));
#10=VECTOR('',#9,1.25E-1);
#11=CARTESIAN_POINT('',(-1.47E-1,-6.25E-2,-1.25E-1));
#12=LINE('',#11,#10);
#13=DIRECTION('',(0.E0,0.E0,1.E0));
#14=VECTOR('',#13,2.5E-1);
#15=CARTESIAN_POINT('',(-1.47E-1,6.25E-2,-1.25E-1));
#16=LINE('',#15,#14);
#17=DIRECTION('',(0.E0,0.E0,1.E0));
#18=VECTOR('',#17,1.8E-1);
#19=CARTESIAN_POINT('',(-1.47E-1,3.25E-2,-9.1E-2));
#20=LINE('',#19,#18);
#21=DIRECTION('',(0.E0,1.E0,0.E0));
#22=VECTOR('',#21,4.E-2);
#23=CARTESIAN_POINT('',(-1.47E-1,-7.5E-3,-9.1E-2));
#24=LINE('',#23,#22);
#25=DIRECTION('',(0.E0,0.E0,-1.E0));
#26=VECTOR('',#25,1.8E-1);
#27=CARTESIAN_POINT('',(-1.47E-1,-7.5E-3,8.9E-2));
#28=LINE('',#27,#26);
#29=DIRECTION('',(0.E0,-1.E0,0.E0));
#30=VECTOR('',#29,4.E-2);
#31=CARTESIAN_POINT('',(-1.47E-1,3.25E-2,8.9E-2));
#32=LINE('',#31,#30);
#33=DIRECTION('',(1.E0,0.E0,0.E0));
#34=VECTOR('',#33,5.2E-2);
#35=CARTESIAN_POINT('',(7.4E-2,-3.75E-2,1.25E-1));
#36=LINE('',#35,#34);
#37=DIRECTION('',(0.E0,1.E0,0.E0));
#38=VECTOR('',#37,2.5E-2);
#39=CARTESIAN_POINT('',(7.4E-2,-6.25E-2,1.25E-1));
#40=LINE('',#39,#38);
#41=DIRECTION('',(0.E0,1.E0,0.E0));
#42=VECTOR('',#41,2.5E-2);
#43=CARTESIAN_POINT('',(2.6E-2,-6.25E-2,1.25E-1));
#44=LINE('',#43,#42);
#45=DIRECTION('',(1.E0,0.E0,0.E0));
#46=VECTOR('',#45,5.2E-2);
#47=CARTESIAN_POINT('',(-2.6E-2,-3.75E-2,1.25E-1));
#48=LINE('',#47,#46);
#49=DIRECTION('',(0.E0,1.E0,0.E0));
#50=VECTOR('',#49,2.5E-2);
#51=CARTESIAN_POINT('',(-2.6E-2,-6.25E-2,1.25E-1));
#52=LINE('',#51,#50);
#53=DIRECTION('',(0.E0,1.E0,0.E0));
#54=VECTOR('',#53,2.5E-2);
#55=CARTESIAN_POINT('',(-7.4E-2,-6.25E-2,1.25E-1));
#56=LINE('',#55,#54);
#57=DIRECTION('',(1.E0,0.E0,0.E0));
#58=VECTOR('',#57,5.2E-2);
#59=CARTESIAN_POINT('',(-1.26E-1,-3.75E-2,1.25E-1));
#60=LINE('',#59,#58);
#61=DIRECTION('',(0.E0,1.E0,0.E0));
#62=VECTOR('',#61,2.5E-2);
#63=CARTESIAN_POINT('',(-1.26E-1,-6.25E-2,1.25E-1));
#64=LINE('',#63,#62);
#65=DIRECTION('',(1.E0,0.E0,0.E0));
#66=VECTOR('',#65,2.94E-1);
#67=CARTESIAN_POINT('',(-1.47E-1,6.25E-2,1.25E-1));
#68=LINE('',#67,#66);
#69=DIRECTION('',(0.E0,1.E0,0.E0));
#70=VECTOR('',#69,2.5E-2);
#71=CARTESIAN_POINT('',(1.26E-1,-6.25E-2,1.25E-1));
#72=LINE('',#71,#70);
#73=DIRECTION('',(0.E0,0.E0,1.E0));
#74=VECTOR('',#73,2.5E-1);
#75=CARTESIAN_POINT('',(1.26E-1,-3.75E-2,-1.25E-1));
#76=LINE('',#75,#74);
#77=DIRECTION('',(0.E0,0.E0,-1.E0));
#78=VECTOR('',#77,2.5E-1);
#79=CARTESIAN_POINT('',(7.4E-2,-3.75E-2,1.25E-1));
#80=LINE('',#79,#78);
#81=DIRECTION('',(0.E0,0.E0,-1.E0));
#82=VECTOR('',#81,2.6E-2);
#83=CARTESIAN_POINT('',(8.7E-2,-3.75E-2,1.E-2));
#84=LINE('',#83,#82);
#85=DIRECTION('',(1.E0,0.E0,0.E0));
#86=VECTOR('',#85,2.6E-2);
#87=CARTESIAN_POINT('',(8.7E-2,-3.75E-2,-1.6E-2));
#88=LINE('',#87,#86);
#89=DIRECTION('',(0.E0,0.E0,-1.E0));
#90=VECTOR('',#89,2.6E-2);
#91=CARTESIAN_POINT('',(1.13E-1,-3.75E-2,1.E-2));
#92=LINE('',#91,#90);
#93=DIRECTION('',(1.E0,0.E0,0.E0));
#94=VECTOR('',#93,2.6E-2);
#95=CARTESIAN_POINT('',(8.7E-2,-3.75E-2,1.E-2));
#96=LINE('',#95,#94);
#97=DIRECTION('',(0.E0,0.E0,-1.E0));
#98=VECTOR('',#97,2.5E-1);
#99=CARTESIAN_POINT('',(-1.26E-1,-6.25E-2,1.25E-1));
#100=LINE('',#99,#98);
#101=DIRECTION('',(1.E0,0.E0,0.E0));
#102=VECTOR('',#101,2.1E-2);
#103=CARTESIAN_POINT('',(-1.47E-1,-6.25E-2,1.25E-1));
#104=LINE('',#103,#102);
#105=DIRECTION('',(0.E0,0.E0,-1.E0));
#106=VECTOR('',#105,2.5E-1);
#107=CARTESIAN_POINT('',(-2.6E-2,-6.25E-2,1.25E-1));
#108=LINE('',#107,#106);
#109=DIRECTION('',(0.E0,0.E0,-1.E0));
#110=VECTOR('',#109,2.5E-1);
#111=CARTESIAN_POINT('',(-7.4E-2,-6.25E-2,1.25E-1));
#112=LINE('',#111,#110);
#113=DIRECTION('',(1.E0,0.E0,0.E0));
#114=VECTOR('',#113,4.8E-2);
#115=CARTESIAN_POINT('',(-7.4E-2,-6.25E-2,1.25E-1));
#116=LINE('',#115,#114);
#117=DIRECTION('',(0.E0,0.E0,-1.E0));
#118=VECTOR('',#117,2.5E-1);
#119=CARTESIAN_POINT('',(7.4E-2,-6.25E-2,1.25E-1));
#120=LINE('',#119,#118);
#121=DIRECTION('',(0.E0,0.E0,-1.E0));
#122=VECTOR('',#121,2.5E-1);
#123=CARTESIAN_POINT('',(2.6E-2,-6.25E-2,1.25E-1));
#124=LINE('',#123,#122);
#125=DIRECTION('',(1.E0,0.E0,0.E0));
#126=VECTOR('',#125,4.8E-2);
#127=CARTESIAN_POINT('',(2.6E-2,-6.25E-2,1.25E-1));
#128=LINE('',#127,#126);
#129=DIRECTION('',(0.E0,0.E0,-1.E0));
#130=VECTOR('',#129,2.5E-1);
#131=CARTESIAN_POINT('',(1.26E-1,-6.25E-2,1.25E-1));
#132=LINE('',#131,#130);
#133=DIRECTION('',(1.E0,0.E0,0.E0));
#134=VECTOR('',#133,2.1E-2);
#135=CARTESIAN_POINT('',(1.26E-1,-6.25E-2,1.25E-1));
#136=LINE('',#135,#134);
#137=DIRECTION('',(0.E0,0.E0,1.E0));
#138=VECTOR('',#137,2.5E-1);
#139=CARTESIAN_POINT('',(-7.4E-2,-3.75E-2,-1.25E-1));
#140=LINE('',#139,#138);
#141=DIRECTION('',(0.E0,0.E0,-1.E0));
#142=VECTOR('',#141,2.5E-1);
#143=CARTESIAN_POINT('',(-1.26E-1,-3.75E-2,1.25E-1));
#144=LINE('',#143,#142);
#145=DIRECTION('',(0.E0,0.E0,-1.E0));
#146=VECTOR('',#145,2.6E-2);
#147=CARTESIAN_POINT('',(-1.13E-1,-3.75E-2,1.E-2));
#148=LINE('',#147,#146);
#149=DIRECTION('',(1.E0,0.E0,0.E0));
#150=VECTOR('',#149,2.6E-2);
#151=CARTESIAN_POINT('',(-1.13E-1,-3.75E-2,-1.6E-2));
#152=LINE('',#151,#150);
#153=DIRECTION('',(0.E0,0.E0,-1.E0));
#154=VECTOR('',#153,2.6E-2);
#155=CARTESIAN_POINT('',(-8.7E-2,-3.75E-2,1.E-2));
#156=LINE('',#155,#154);
#157=DIRECTION('',(1.E0,0.E0,0.E0));
#158=VECTOR('',#157,2.6E-2);
#159=CARTESIAN_POINT('',(-1.13E-1,-3.75E-2,1.E-2));
#160=LINE('',#159,#158);
#161=DIRECTION('',(1.E0,0.E0,0.E0));
#162=VECTOR('',#161,5.2E-2);
#163=CARTESIAN_POINT('',(7.4E-2,-3.75E-2,-1.25E-1));
#164=LINE('',#163,#162);
#165=DIRECTION('',(0.E0,1.E0,0.E0));
#166=VECTOR('',#165,2.5E-2);
#167=CARTESIAN_POINT('',(1.26E-1,-6.25E-2,-1.25E-1));
#168=LINE('',#167,#166);
#169=DIRECTION('',(1.E0,0.E0,0.E0));
#170=VECTOR('',#169,2.1E-2);
#171=CARTESIAN_POINT('',(1.26E-1,-6.25E-2,-1.25E-1));
#172=LINE('',#171,#170);
#173=DIRECTION('',(1.E0,0.E0,0.E0));
#174=VECTOR('',#173,2.1E-2);
#175=CARTESIAN_POINT('',(-1.47E-1,-6.25E-2,-1.25E-1));
#176=LINE('',#175,#174);
#177=DIRECTION('',(0.E0,1.E0,0.E0));
#178=VECTOR('',#177,2.5E-2);
#179=CARTESIAN_POINT('',(-1.26E-1,-6.25E-2,-1.25E-1));
#180=LINE('',#179,#178);
#181=DIRECTION('',(1.E0,0.E0,0.E0));
#182=VECTOR('',#181,5.2E-2);
#183=CARTESIAN_POINT('',(-1.26E-1,-3.75E-2,-1.25E-1));
#184=LINE('',#183,#182);
#185=DIRECTION('',(0.E0,1.E0,0.E0));
#186=VECTOR('',#185,2.5E-2);
#187=CARTESIAN_POINT('',(-7.4E-2,-6.25E-2,-1.25E-1));
#188=LINE('',#187,#186);
#189=DIRECTION('',(1.E0,0.E0,0.E0));
#190=VECTOR('',#189,4.8E-2);
#191=CARTESIAN_POINT('',(-7.4E-2,-6.25E-2,-1.25E-1));
#192=LINE('',#191,#190);
#193=DIRECTION('',(0.E0,1.E0,0.E0));
#194=VECTOR('',#193,2.5E-2);
#195=CARTESIAN_POINT('',(-2.6E-2,-6.25E-2,-1.25E-1));
#196=LINE('',#195,#194);
#197=DIRECTION('',(1.E0,0.E0,0.E0));
#198=VECTOR('',#197,5.2E-2);
#199=CARTESIAN_POINT('',(-2.6E-2,-3.75E-2,-1.25E-1));
#200=LINE('',#199,#198);
#201=DIRECTION('',(0.E0,1.E0,0.E0));
#202=VECTOR('',#201,2.5E-2);
#203=CARTESIAN_POINT('',(2.6E-2,-6.25E-2,-1.25E-1));
#204=LINE('',#203,#202);
#205=DIRECTION('',(1.E0,0.E0,0.E0));
#206=VECTOR('',#205,4.8E-2);
#207=CARTESIAN_POINT('',(2.6E-2,-6.25E-2,-1.25E-1));
#208=LINE('',#207,#206);
#209=DIRECTION('',(0.E0,1.E0,0.E0));
#210=VECTOR('',#209,2.5E-2);
#211=CARTESIAN_POINT('',(7.4E-2,-6.25E-2,-1.25E-1));
#212=LINE('',#211,#210);
#213=DIRECTION('',(0.E0,-1.E0,0.E0));
#214=VECTOR('',#213,1.25E-1);
#215=CARTESIAN_POINT('',(1.47E-1,6.25E-2,1.25E-1));
#216=LINE('',#215,#214);
#217=DIRECTION('',(0.E0,0.E0,1.E0));
#218=VECTOR('',#217,2.5E-1);
#219=CARTESIAN_POINT('',(1.47E-1,6.25E-2,-1.25E-1));
#220=LINE('',#219,#218);
#221=DIRECTION('',(0.E0,1.E0,0.E0));
#222=VECTOR('',#221,1.25E-1);
#223=CARTESIAN_POINT('',(1.47E-1,-6.25E-2,-1.25E-1));
#224=LINE('',#223,#222);
#225=DIRECTION('',(0.E0,0.E0,-1.E0));
#226=VECTOR('',#225,2.5E-1);
#227=CARTESIAN_POINT('',(1.47E-1,-6.25E-2,1.25E-1));
#228=LINE('',#227,#226);
#229=DIRECTION('',(0.E0,0.E0,-1.E0));
#230=VECTOR('',#229,1.8E-1);
#231=CARTESIAN_POINT('',(1.47E-1,3.25E-2,8.9E-2));
#232=LINE('',#231,#230);
#233=DIRECTION('',(0.E0,-1.E0,0.E0));
#234=VECTOR('',#233,4.E-2);
#235=CARTESIAN_POINT('',(1.47E-1,3.25E-2,8.9E-2));
#236=LINE('',#235,#234);
#237=DIRECTION('',(0.E0,0.E0,1.E0));
#238=VECTOR('',#237,1.8E-1);
#239=CARTESIAN_POINT('',(1.47E-1,-7.5E-3,-9.1E-2));
#240=LINE('',#239,#238);
#241=DIRECTION('',(0.E0,1.E0,0.E0));
#242=VECTOR('',#241,4.E-2);
#243=CARTESIAN_POINT('',(1.47E-1,-7.5E-3,-9.1E-2));
#244=LINE('',#243,#242);
#245=DIRECTION('',(0.E0,0.E0,1.E0));
#246=VECTOR('',#245,4.9E-2);
#247=CARTESIAN_POINT('',(-1.E-1,6.25E-2,-1.25E-1));
#248=LINE('',#247,#246);
#249=DIRECTION('',(1.E0,0.E0,0.E0));
#250=VECTOR('',#249,2.E-1);
#251=CARTESIAN_POINT('',(-1.E-1,6.25E-2,-7.6E-2));
#252=LINE('',#251,#250);
#253=DIRECTION('',(0.E0,0.E0,1.E0));
#254=VECTOR('',#253,4.9E-2);
#255=CARTESIAN_POINT('',(1.E-1,6.25E-2,-1.25E-1));
#256=LINE('',#255,#254);
#257=DIRECTION('',(1.E0,0.E0,0.E0));
#258=VECTOR('',#257,4.7E-2);
#259=CARTESIAN_POINT('',(1.E-1,6.25E-2,-1.25E-1));
#260=LINE('',#259,#258);
#261=DIRECTION('',(1.E0,0.E0,0.E0));
#262=VECTOR('',#261,4.7E-2);
#263=CARTESIAN_POINT('',(-1.47E-1,6.25E-2,-1.25E-1));
#264=LINE('',#263,#262);
#265=DIRECTION('',(0.E0,0.E0,-1.E0));
#266=VECTOR('',#265,2.6E-2);
#267=CARTESIAN_POINT('',(-1.13E-1,6.25E-2,1.E-2));
#268=LINE('',#267,#266);
#269=DIRECTION('',(1.E0,0.E0,0.E0));
#270=VECTOR('',#269,2.6E-2);
#271=CARTESIAN_POINT('',(-1.13E-1,6.25E-2,1.E-2));
#272=LINE('',#271,#270);
#273=DIRECTION('',(0.E0,0.E0,-1.E0));
#274=VECTOR('',#273,2.6E-2);
#275=CARTESIAN_POINT('',(-8.7E-2,6.25E-2,1.E-2));
#276=LINE('',#275,#274);
#277=DIRECTION('',(1.E0,0.E0,0.E0));
#278=VECTOR('',#277,2.6E-2);
#279=CARTESIAN_POINT('',(-1.13E-1,6.25E-2,-1.6E-2));
#280=LINE('',#279,#278);
#281=DIRECTION('',(0.E0,0.E0,-1.E0));
#282=VECTOR('',#281,2.6E-2);
#283=CARTESIAN_POINT('',(-1.3E-2,6.25E-2,1.E-2));
#284=LINE('',#283,#282);
#285=DIRECTION('',(1.E0,0.E0,0.E0));
#286=VECTOR('',#285,2.6E-2);
#287=CARTESIAN_POINT('',(-1.3E-2,6.25E-2,1.E-2));
#288=LINE('',#287,#286);
#289=DIRECTION('',(0.E0,0.E0,-1.E0));
#290=VECTOR('',#289,2.6E-2);
#291=CARTESIAN_POINT('',(1.3E-2,6.25E-2,1.E-2));
#292=LINE('',#291,#290);
#293=DIRECTION('',(1.E0,0.E0,0.E0));
#294=VECTOR('',#293,2.6E-2);
#295=CARTESIAN_POINT('',(-1.3E-2,6.25E-2,-1.6E-2));
#296=LINE('',#295,#294);
#297=DIRECTION('',(0.E0,0.E0,-1.E0));
#298=VECTOR('',#297,2.6E-2);
#299=CARTESIAN_POINT('',(8.7E-2,6.25E-2,1.E-2));
#300=LINE('',#299,#298);
#301=DIRECTION('',(1.E0,0.E0,0.E0));
#302=VECTOR('',#301,2.6E-2);
#303=CARTESIAN_POINT('',(8.7E-2,6.25E-2,1.E-2));
#304=LINE('',#303,#302);
#305=DIRECTION('',(0.E0,0.E0,-1.E0));
#306=VECTOR('',#305,2.6E-2);
#307=CARTESIAN_POINT('',(1.13E-1,6.25E-2,1.E-2));
#308=LINE('',#307,#306);
#309=DIRECTION('',(1.E0,0.E0,0.E0));
#310=VECTOR('',#309,2.6E-2);
#311=CARTESIAN_POINT('',(8.7E-2,6.25E-2,-1.6E-2));
#312=LINE('',#311,#310);
#313=DIRECTION('',(0.E0,1.E0,0.E0));
#314=VECTOR('',#313,1.97E-1);
#315=CARTESIAN_POINT('',(-1.E-1,6.25E-2,-1.25E-1));
#316=LINE('',#315,#314);
#317=DIRECTION('',(0.E0,0.E0,1.E0));
#318=VECTOR('',#317,3.3E-2);
#319=CARTESIAN_POINT('',(-1.E-1,2.595E-1,-1.25E-1));
#320=LINE('',#319,#318);
#321=DIRECTION('',(0.E0,-7.071067811865E-1,7.071067811865E-1));
#322=VECTOR('',#321,4.808326112069E-2);
#323=CARTESIAN_POINT('',(-1.E-1,2.595E-1,-9.2E-2));
#324=LINE('',#323,#322);
#325=DIRECTION('',(0.E0,-1.E0,0.E0));
#326=VECTOR('',#325,2.9E-2);
#327=CARTESIAN_POINT('',(-1.E-1,2.255E-1,-5.8E-2));
#328=LINE('',#327,#326);
#329=DIRECTION('',(0.E0,-8.664299649668E-1,-4.992986238792E-1));
#330=VECTOR('',#329,6.809552114493E-2);
#331=CARTESIAN_POINT('',(-1.E-1,1.965E-1,-5.8E-2));
#332=LINE('',#331,#330);
#333=DIRECTION('',(0.E0,-1.E0,0.E0));
#334=VECTOR('',#333,5.9E-2);
#335=CARTESIAN_POINT('',(-1.E-1,1.375E-1,-9.2E-2));
#336=LINE('',#335,#334);
#337=CARTESIAN_POINT('',(-1.E-1,7.85E-2,-7.6E-2));
#338=DIRECTION('',(-1.E0,0.E0,0.E0));
#339=DIRECTION('',(0.E0,0.E0,-1.E0));
#340=AXIS2_PLACEMENT_3D('',#337,#338,#339);
#342=DIRECTION('',(0.E0,0.E0,-1.E0));
#343=VECTOR('',#342,1.8E-2);
#344=CARTESIAN_POINT('',(-9.E-2,2.595E-1,-9.2E-2));
#345=LINE('',#344,#343);
#346=DIRECTION('',(1.E0,0.E0,0.E0));
#347=VECTOR('',#346,2.E-1);
#348=CARTESIAN_POINT('',(-1.E-1,2.595E-1,-1.25E-1));
#349=LINE('',#348,#347);
#350=DIRECTION('',(0.E0,0.E0,-1.E0));
#351=VECTOR('',#350,1.8E-2);
#352=CARTESIAN_POINT('',(9.E-2,2.595E-1,-9.2E-2));
#353=LINE('',#352,#351);
#354=DIRECTION('',(1.E0,0.E0,0.E0));
#355=VECTOR('',#354,1.8E-1);
#356=CARTESIAN_POINT('',(-9.E-2,2.595E-1,-1.1E-1));
#357=LINE('',#356,#355);
#358=DIRECTION('',(0.E0,1.E0,0.E0));
#359=VECTOR('',#358,1.22E-1);
#360=CARTESIAN_POINT('',(-9.E-2,2.595E-1,-1.1E-1));
#361=LINE('',#360,#359);
#362=DIRECTION('',(0.E0,0.E0,-1.E0));
#363=VECTOR('',#362,1.E-2);
#364=CARTESIAN_POINT('',(-9.E-2,3.815E-1,-1.1E-1));
#365=LINE('',#364,#363);
#366=DIRECTION('',(0.E0,1.E0,0.E0));
#367=VECTOR('',#366,3.E-2);
#368=CARTESIAN_POINT('',(-9.E-2,3.815E-1,-1.2E-1));
#369=LINE('',#368,#367);
#370=DIRECTION('',(0.E0,0.E0,1.E0));
#371=VECTOR('',#370,2.4E-1);
#372=CARTESIAN_POINT('',(-9.E-2,4.115E-1,-1.2E-1));
#373=LINE('',#372,#371);
#374=DIRECTION('',(0.E0,-1.E0,0.E0));
#375=VECTOR('',#374,3.E-2);
#376=CARTESIAN_POINT('',(-9.E-2,4.115E-1,1.2E-1));
#377=LINE('',#376,#375);
#378=DIRECTION('',(0.E0,0.E0,-1.E0));
#379=VECTOR('',#378,1.E-2);
#380=CARTESIAN_POINT('',(-9.E-2,3.815E-1,1.2E-1));
#381=LINE('',#380,#379);
#382=DIRECTION('',(0.E0,-1.E0,0.E0));
#383=VECTOR('',#382,2.3E-1);
#384=CARTESIAN_POINT('',(-9.E-2,3.815E-1,1.1E-1));
#385=LINE('',#384,#383);
#386=DIRECTION('',(0.E0,0.E0,-1.E0));
#387=VECTOR('',#386,3.E-2);
#388=CARTESIAN_POINT('',(-9.E-2,1.515E-1,1.1E-1));
#389=LINE('',#388,#387);
#390=DIRECTION('',(0.E0,1.E0,0.E0));
#391=VECTOR('',#390,2.3E-1);
#392=CARTESIAN_POINT('',(-9.E-2,1.515E-1,8.E-2));
#393=LINE('',#392,#391);
#394=DIRECTION('',(0.E0,0.E0,-1.E0));
#395=VECTOR('',#394,1.6E-1);
#396=CARTESIAN_POINT('',(-9.E-2,3.815E-1,8.E-2));
#397=LINE('',#396,#395);
#398=DIRECTION('',(0.E0,-1.E0,0.E0));
#399=VECTOR('',#398,1.22E-1);
#400=CARTESIAN_POINT('',(-9.E-2,3.815E-1,-8.E-2));
#401=LINE('',#400,#399);
#402=DIRECTION('',(0.E0,0.E0,-1.E0));
#403=VECTOR('',#402,1.2E-2);
#404=CARTESIAN_POINT('',(-9.E-2,2.595E-1,-8.E-2));
#405=LINE('',#404,#403);
#406=DIRECTION('',(0.E0,0.E0,-1.E0));
#407=VECTOR('',#406,1.2E-2);
#408=CARTESIAN_POINT('',(9.E-2,2.595E-1,-8.E-2));
#409=LINE('',#408,#407);
#410=DIRECTION('',(0.E0,-1.E0,0.E0));
#411=VECTOR('',#410,1.22E-1);
#412=CARTESIAN_POINT('',(9.E-2,3.815E-1,-8.E-2));
#413=LINE('',#412,#411);
#414=DIRECTION('',(0.E0,0.E0,-1.E0));
#415=VECTOR('',#414,1.6E-1);
#416=CARTESIAN_POINT('',(9.E-2,3.815E-1,8.E-2));
#417=LINE('',#416,#415);
#418=DIRECTION('',(0.E0,1.E0,0.E0));
#419=VECTOR('',#418,2.3E-1);
#420=CARTESIAN_POINT('',(9.E-2,1.515E-1,8.E-2));
#421=LINE('',#420,#419);
#422=DIRECTION('',(0.E0,0.E0,-1.E0));
#423=VECTOR('',#422,3.E-2);
#424=CARTESIAN_POINT('',(9.E-2,1.515E-1,1.1E-1));
#425=LINE('',#424,#423);
#426=DIRECTION('',(0.E0,-1.E0,0.E0));
#427=VECTOR('',#426,2.3E-1);
#428=CARTESIAN_POINT('',(9.E-2,3.815E-1,1.1E-1));
#429=LINE('',#428,#427);
#430=DIRECTION('',(0.E0,0.E0,-1.E0));
#431=VECTOR('',#430,1.E-2);
#432=CARTESIAN_POINT('',(9.E-2,3.815E-1,1.2E-1));
#433=LINE('',#432,#431);
#434=DIRECTION('',(0.E0,-1.E0,0.E0));
#435=VECTOR('',#434,3.E-2);
#436=CARTESIAN_POINT('',(9.E-2,4.115E-1,1.2E-1));
#437=LINE('',#436,#435);
#438=DIRECTION('',(0.E0,0.E0,1.E0));
#439=VECTOR('',#438,2.4E-1);
#440=CARTESIAN_POINT('',(9.E-2,4.115E-1,-1.2E-1));
#441=LINE('',#440,#439);
#442=DIRECTION('',(0.E0,1.E0,0.E0));
#443=VECTOR('',#442,3.E-2);
#444=CARTESIAN_POINT('',(9.E-2,3.815E-1,-1.2E-1));
#445=LINE('',#444,#443);
#446=DIRECTION('',(0.E0,0.E0,-1.E0));
#447=VECTOR('',#446,1.E-2);
#448=CARTESIAN_POINT('',(9.E-2,3.815E-1,-1.1E-1));
#449=LINE('',#448,#447);
#450=DIRECTION('',(0.E0,1.E0,0.E0));
#451=VECTOR('',#450,1.22E-1);
#452=CARTESIAN_POINT('',(9.E-2,2.595E-1,-1.1E-1));
#453=LINE('',#452,#451);
#454=DIRECTION('',(1.E0,0.E0,0.E0));
#455=VECTOR('',#454,1.8E-1);
#456=CARTESIAN_POINT('',(-9.E-2,2.595E-1,-8.E-2));
#457=LINE('',#456,#455);
#458=DIRECTION('',(1.E0,0.E0,0.E0));
#459=VECTOR('',#458,1.8E-1);
#460=CARTESIAN_POINT('',(-9.E-2,2.595E-1,-9.2E-2));
#461=LINE('',#460,#459);
#462=DIRECTION('',(1.E0,0.E0,0.E0));
#463=VECTOR('',#462,1.E-2);
#464=CARTESIAN_POINT('',(9.E-2,2.595E-1,-9.2E-2));
#465=LINE('',#464,#463);
#466=DIRECTION('',(1.E0,0.E0,0.E0));
#467=VECTOR('',#466,1.E-2);
#468=CARTESIAN_POINT('',(-1.E-1,2.595E-1,-9.2E-2));
#469=LINE('',#468,#467);
#470=CARTESIAN_POINT('',(1.E-1,7.85E-2,-7.6E-2));
#471=DIRECTION('',(-1.E0,0.E0,0.E0));
#472=DIRECTION('',(0.E0,0.E0,-1.E0));
#473=AXIS2_PLACEMENT_3D('',#470,#471,#472);
#475=DIRECTION('',(0.E0,-1.E0,0.E0));
#476=VECTOR('',#475,5.9E-2);
#477=CARTESIAN_POINT('',(1.E-1,1.375E-1,-9.2E-2));
#478=LINE('',#477,#476);
#479=DIRECTION('',(0.E0,-8.664299649668E-1,-4.992986238792E-1));
#480=VECTOR('',#479,6.809552114493E-2);
#481=CARTESIAN_POINT('',(1.E-1,1.965E-1,-5.8E-2));
#482=LINE('',#481,#480);
#483=DIRECTION('',(0.E0,-1.E0,0.E0));
#484=VECTOR('',#483,2.9E-2);
#485=CARTESIAN_POINT('',(1.E-1,2.255E-1,-5.8E-2));
#486=LINE('',#485,#484);
#487=DIRECTION('',(0.E0,-7.071067811865E-1,7.071067811865E-1));
#488=VECTOR('',#487,4.808326112069E-2);
#489=CARTESIAN_POINT('',(1.E-1,2.595E-1,-9.2E-2));
#490=LINE('',#489,#488);
#491=DIRECTION('',(0.E0,0.E0,1.E0));
#492=VECTOR('',#491,3.3E-2);
#493=CARTESIAN_POINT('',(1.E-1,2.595E-1,-1.25E-1));
#494=LINE('',#493,#492);
#495=DIRECTION('',(0.E0,1.E0,0.E0));
#496=VECTOR('',#495,1.97E-1);
#497=CARTESIAN_POINT('',(1.E-1,6.25E-2,-1.25E-1));
#498=LINE('',#497,#496);
#499=DIRECTION('',(1.E0,0.E0,0.E0));
#500=VECTOR('',#499,2.E-1);
#501=CARTESIAN_POINT('',(-1.E-1,7.85E-2,-9.2E-2));
#502=LINE('',#501,#500);
#503=DIRECTION('',(1.E0,0.E0,0.E0));
#504=VECTOR('',#503,2.E-1);
#505=CARTESIAN_POINT('',(-1.E-1,1.375E-1,-9.2E-2));
#506=LINE('',#505,#504);
#507=DIRECTION('',(1.E0,0.E0,0.E0));
#508=VECTOR('',#507,2.E-1);
#509=CARTESIAN_POINT('',(-1.E-1,1.965E-1,-5.8E-2));
#510=LINE('',#509,#508);
#511=DIRECTION('',(1.E0,0.E0,0.E0));
#512=VECTOR('',#511,2.E-1);
#513=CARTESIAN_POINT('',(-1.E-1,2.255E-1,-5.8E-2));
#514=LINE('',#513,#512);
#515=DIRECTION('',(1.E0,0.E0,0.E0));
#516=VECTOR('',#515,1.8E-1);
#517=CARTESIAN_POINT('',(-9.E-2,3.815E-1,-8.E-2));
#518=LINE('',#517,#516);
#519=DIRECTION('',(1.E0,0.E0,0.E0));
#520=VECTOR('',#519,1.8E-1);
#521=CARTESIAN_POINT('',(-9.E-2,3.815E-1,8.E-2));
#522=LINE('',#521,#520);
#523=DIRECTION('',(1.E0,0.E0,0.E0));
#524=VECTOR('',#523,1.8E-1);
#525=CARTESIAN_POINT('',(-9.E-2,1.515E-1,8.E-2));
#526=LINE('',#525,#524);
#527=DIRECTION('',(1.E0,0.E0,0.E0));
#528=VECTOR('',#527,1.8E-1);
#529=CARTESIAN_POINT('',(-9.E-2,1.515E-1,1.1E-1));
#530=LINE('',#529,#528);
#531=DIRECTION('',(1.E0,0.E0,0.E0));
#532=VECTOR('',#531,1.8E-1);
#533=CARTESIAN_POINT('',(-9.E-2,3.815E-1,1.1E-1));
#534=LINE('',#533,#532);
#535=DIRECTION('',(1.E0,0.E0,0.E0));
#536=VECTOR('',#535,1.8E-1);
#537=CARTESIAN_POINT('',(-9.E-2,3.815E-1,1.2E-1));
#538=LINE('',#537,#536);
#539=DIRECTION('',(1.E0,0.E0,0.E0));
#540=VECTOR('',#539,1.8E-1);
#541=CARTESIAN_POINT('',(-9.E-2,4.115E-1,1.2E-1));
#542=LINE('',#541,#540);
#543=DIRECTION('',(1.E0,0.E0,0.E0));
#544=VECTOR('',#543,1.8E-1);
#545=CARTESIAN_POINT('',(-9.E-2,4.115E-1,-1.2E-1));
#546=LINE('',#545,#544);
#547=DIRECTION('',(1.E0,0.E0,0.E0));
#548=VECTOR('',#547,1.8E-1);
#549=CARTESIAN_POINT('',(-9.E-2,3.815E-1,-1.2E-1));
#550=LINE('',#549,#548);
#551=DIRECTION('',(1.E0,0.E0,0.E0));
#552=VECTOR('',#551,1.8E-1);
#553=CARTESIAN_POINT('',(-9.E-2,3.815E-1,-1.1E-1));
#554=LINE('',#553,#552);
#555=DIRECTION('',(0.E0,0.E0,-1.E0));
#556=VECTOR('',#555,2.6E-2);
#557=CARTESIAN_POINT('',(-1.13E-1,3.255E-1,1.E-2));
#558=LINE('',#557,#556);
#559=DIRECTION('',(0.E0,-1.E0,0.E0));
#560=VECTOR('',#559,2.63E-1);
#561=CARTESIAN_POINT('',(-1.13E-1,3.255E-1,1.E-2));
#562=LINE('',#561,#560);
#563=DIRECTION('',(0.E0,1.E0,0.E0));
#564=VECTOR('',#563,2.63E-1);
#565=CARTESIAN_POINT('',(-1.13E-1,6.25E-2,-1.6E-2));
#566=LINE('',#565,#564);
#567=DIRECTION('',(0.E0,0.E0,1.E0));
#568=VECTOR('',#567,2.6E-2);
#569=CARTESIAN_POINT('',(-1.13E-1,-1.245E-1,-1.6E-2));
#570=LINE('',#569,#568);
#571=DIRECTION('',(0.E0,1.E0,0.E0));
#572=VECTOR('',#571,8.7E-2);
#573=CARTESIAN_POINT('',(-1.13E-1,-1.245E-1,-1.6E-2));
#574=LINE('',#573,#572);
#575=DIRECTION('',(0.E0,-1.E0,0.E0));
#576=VECTOR('',#575,8.7E-2);
#577=CARTESIAN_POINT('',(-1.13E-1,-3.75E-2,1.E-2));
#578=LINE('',#577,#576);
#579=DIRECTION('',(-2.495131446207E-1,-9.356742923277E-1,-2.495131446207E-1));
#580=VECTOR('',#579,3.206243908376E-2);
#581=CARTESIAN_POINT('',(-1.05E-1,3.555E-1,-8.E-3));
#582=LINE('',#581,#580);
#583=DIRECTION('',(2.495131446207E-1,-9.356742923277E-1,-2.495131446207E-1));
#584=VECTOR('',#583,3.206243908376E-2);
#585=CARTESIAN_POINT('',(-9.5E-2,3.555E-1,-8.E-3));
#586=LINE('',#585,#584);
#587=DIRECTION('',(-1.E0,0.E0,0.E0));
#588=VECTOR('',#587,2.6E-2);
#589=CARTESIAN_POINT('',(-8.7E-2,3.255E-1,-1.6E-2));
#590=LINE('',#589,#588);
#591=DIRECTION('',(-1.E0,0.E0,0.E0));
#592=VECTOR('',#591,2.6E-2);
#593=CARTESIAN_POINT('',(-8.7E-2,-1.245E-1,-1.6E-2));
#594=LINE('',#593,#592);
#595=DIRECTION('',(0.E0,0.E0,1.E0));
#596=VECTOR('',#595,2.6E-2);
#597=CARTESIAN_POINT('',(-8.7E-2,3.255E-1,-1.6E-2));
#598=LINE('',#597,#596);
#599=DIRECTION('',(0.E0,1.E0,0.E0));
#600=VECTOR('',#599,2.63E-1);
#601=CARTESIAN_POINT('',(-8.7E-2,6.25E-2,-1.6E-2));
#602=LINE('',#601,#600);
#603=DIRECTION('',(0.E0,-1.E0,0.E0));
#604=VECTOR('',#603,2.63E-1);
#605=CARTESIAN_POINT('',(-8.7E-2,3.255E-1,1.E-2));
#606=LINE('',#605,#604);
#607=DIRECTION('',(0.E0,0.E0,-1.E0));
#608=VECTOR('',#607,2.6E-2);
#609=CARTESIAN_POINT('',(-8.7E-2,-1.245E-1,1.E-2));
#610=LINE('',#609,#608);
#611=DIRECTION('',(0.E0,-1.E0,0.E0));
#612=VECTOR('',#611,8.7E-2);
#613=CARTESIAN_POINT('',(-8.7E-2,-3.75E-2,1.E-2));
#614=LINE('',#613,#612);
#615=DIRECTION('',(0.E0,1.E0,0.E0));
#616=VECTOR('',#615,8.7E-2);
#617=CARTESIAN_POINT('',(-8.7E-2,-1.245E-1,-1.6E-2));
#618=LINE('',#617,#616);
#619=DIRECTION('',(2.495131446207E-1,-9.356742923277E-1,2.495131446207E-1));
#620=VECTOR('',#619,3.206243908376E-2);
#621=CARTESIAN_POINT('',(-9.5E-2,3.555E-1,2.E-3));
#622=LINE('',#621,#620);
#623=DIRECTION('',(-1.E0,0.E0,0.E0));
#624=VECTOR('',#623,1.E-2);
#625=CARTESIAN_POINT('',(-9.5E-2,3.555E-1,2.E-3));
#626=LINE('',#625,#624);
#627=DIRECTION('',(0.E0,0.E0,-1.E0));
#628=VECTOR('',#627,1.E-2);
#629=CARTESIAN_POINT('',(-1.05E-1,3.555E-1,2.E-3));
#630=LINE('',#629,#628);
#631=DIRECTION('',(-1.E0,0.E0,0.E0));
#632=VECTOR('',#631,1.E-2);
#633=CARTESIAN_POINT('',(-9.5E-2,3.555E-1,-8.E-3));
#634=LINE('',#633,#632);
#635=DIRECTION('',(0.E0,0.E0,1.E0));
#636=VECTOR('',#635,1.E-2);
#637=CARTESIAN_POINT('',(-9.5E-2,3.555E-1,-8.E-3));
#638=LINE('',#637,#636);
#639=DIRECTION('',(-2.495131446207E-1,-9.356742923277E-1,2.495131446207E-1));
#640=VECTOR('',#639,3.206243908376E-2);
#641=CARTESIAN_POINT('',(-1.05E-1,3.555E-1,2.E-3));
#642=LINE('',#641,#640);
#643=DIRECTION('',(-1.E0,0.E0,0.E0));
#644=VECTOR('',#643,2.6E-2);
#645=CARTESIAN_POINT('',(-8.7E-2,3.255E-1,1.E-2));
#646=LINE('',#645,#644);
#647=DIRECTION('',(-1.E0,0.E0,0.E0));
#648=VECTOR('',#647,2.6E-2);
#649=CARTESIAN_POINT('',(-8.7E-2,-1.245E-1,1.E-2));
#650=LINE('',#649,#648);
#651=DIRECTION('',(2.495131446207E-1,9.356742923277E-1,2.495131446207E-1));
#652=VECTOR('',#651,3.206243908376E-2);
#653=CARTESIAN_POINT('',(-9.5E-2,-1.545E-1,2.E-3));
#654=LINE('',#653,#652);
#655=DIRECTION('',(-1.E0,0.E0,0.E0));
#656=VECTOR('',#655,1.E-2);
#657=CARTESIAN_POINT('',(-9.5E-2,-1.545E-1,-8.E-3));
#658=LINE('',#657,#656);
#659=DIRECTION('',(0.E0,0.E0,1.E0));
#660=VECTOR('',#659,1.E-2);
#661=CARTESIAN_POINT('',(-1.05E-1,-1.545E-1,-8.E-3));
#662=LINE('',#661,#660);
#663=DIRECTION('',(-1.E0,0.E0,0.E0));
#664=VECTOR('',#663,1.E-2);
#665=CARTESIAN_POINT('',(-9.5E-2,-1.545E-1,2.E-3));
#666=LINE('',#665,#664);
#667=DIRECTION('',(0.E0,0.E0,-1.E0));
#668=VECTOR('',#667,1.E-2);
#669=CARTESIAN_POINT('',(-9.5E-2,-1.545E-1,2.E-3));
#670=LINE('',#669,#668);
#671=DIRECTION('',(-2.495131446207E-1,9.356742923277E-1,-2.495131446207E-1));
#672=VECTOR('',#671,3.206243908376E-2);
#673=CARTESIAN_POINT('',(-1.05E-1,-1.545E-1,-8.E-3));
#674=LINE('',#673,#672);
#675=DIRECTION('',(-2.495131446207E-1,-9.356742923277E-1,2.495131446207E-1));
#676=VECTOR('',#675,3.206243908376E-2);
#677=CARTESIAN_POINT('',(-8.7E-2,-1.245E-1,-1.6E-2));
#678=LINE('',#677,#676);
#679=DIRECTION('',(-2.495131446207E-1,9.356742923277E-1,2.495131446207E-1));
#680=VECTOR('',#679,3.206243908376E-2);
#681=CARTESIAN_POINT('',(-1.05E-1,-1.545E-1,2.E-3));
#682=LINE('',#681,#680);
#683=DIRECTION('',(0.E0,0.E0,-1.E0));
#684=VECTOR('',#683,2.6E-2);
#685=CARTESIAN_POINT('',(-1.3E-2,3.255E-1,1.E-2));
#686=LINE('',#685,#684);
#687=DIRECTION('',(0.E0,-1.E0,0.E0));
#688=VECTOR('',#687,2.63E-1);
#689=CARTESIAN_POINT('',(-1.3E-2,3.255E-1,1.E-2));
#690=LINE('',#689,#688);
#691=DIRECTION('',(0.E0,1.E0,0.E0));
#692=VECTOR('',#691,2.63E-1);
#693=CARTESIAN_POINT('',(-1.3E-2,6.25E-2,-1.6E-2));
#694=LINE('',#693,#692);
#695=DIRECTION('',(0.E0,0.E0,1.E0));
#696=VECTOR('',#695,2.6E-2);
#697=CARTESIAN_POINT('',(-1.3E-2,-1.245E-1,-1.6E-2));
#698=LINE('',#697,#696);
#699=DIRECTION('',(0.E0,1.E0,0.E0));
#700=VECTOR('',#699,8.7E-2);
#701=CARTESIAN_POINT('',(-1.3E-2,-1.245E-1,-1.6E-2));
#702=LINE('',#701,#700);
#703=DIRECTION('',(0.E0,-1.E0,0.E0));
#704=VECTOR('',#703,8.7E-2);
#705=CARTESIAN_POINT('',(-1.3E-2,-3.75E-2,1.E-2));
#706=LINE('',#705,#704);
#707=DIRECTION('',(-2.495131446207E-1,-9.356742923277E-1,-2.495131446207E-1));
#708=VECTOR('',#707,3.206243908376E-2);
#709=CARTESIAN_POINT('',(-5.E-3,3.555E-1,-8.E-3));
#710=LINE('',#709,#708);
#711=DIRECTION('',(2.495131446207E-1,-9.356742923277E-1,-2.495131446207E-1));
#712=VECTOR('',#711,3.206243908376E-2);
#713=CARTESIAN_POINT('',(5.E-3,3.555E-1,-8.E-3));
#714=LINE('',#713,#712);
#715=DIRECTION('',(-1.E0,0.E0,0.E0));
#716=VECTOR('',#715,2.6E-2);
#717=CARTESIAN_POINT('',(1.3E-2,3.255E-1,-1.6E-2));
#718=LINE('',#717,#716);
#719=DIRECTION('',(-1.E0,0.E0,0.E0));
#720=VECTOR('',#719,2.6E-2);
#721=CARTESIAN_POINT('',(1.3E-2,-1.245E-1,-1.6E-2));
#722=LINE('',#721,#720);
#723=DIRECTION('',(0.E0,0.E0,1.E0));
#724=VECTOR('',#723,2.6E-2);
#725=CARTESIAN_POINT('',(1.3E-2,3.255E-1,-1.6E-2));
#726=LINE('',#725,#724);
#727=DIRECTION('',(0.E0,1.E0,0.E0));
#728=VECTOR('',#727,2.63E-1);
#729=CARTESIAN_POINT('',(1.3E-2,6.25E-2,-1.6E-2));
#730=LINE('',#729,#728);
#731=DIRECTION('',(0.E0,-1.E0,0.E0));
#732=VECTOR('',#731,2.63E-1);
#733=CARTESIAN_POINT('',(1.3E-2,3.255E-1,1.E-2));
#734=LINE('',#733,#732);
#735=DIRECTION('',(0.E0,0.E0,-1.E0));
#736=VECTOR('',#735,2.6E-2);
#737=CARTESIAN_POINT('',(1.3E-2,-1.245E-1,1.E-2));
#738=LINE('',#737,#736);
#739=DIRECTION('',(0.E0,-1.E0,0.E0));
#740=VECTOR('',#739,8.7E-2);
#741=CARTESIAN_POINT('',(1.3E-2,-3.75E-2,1.E-2));
#742=LINE('',#741,#740);
#743=DIRECTION('',(0.E0,1.E0,0.E0));
#744=VECTOR('',#743,8.7E-2);
#745=CARTESIAN_POINT('',(1.3E-2,-1.245E-1,-1.6E-2));
#746=LINE('',#745,#744);
#747=DIRECTION('',(2.495131446207E-1,-9.356742923277E-1,2.495131446207E-1));
#748=VECTOR('',#747,3.206243908376E-2);
#749=CARTESIAN_POINT('',(5.E-3,3.555E-1,2.E-3));
#750=LINE('',#749,#748);
#751=DIRECTION('',(-1.E0,0.E0,0.E0));
#752=VECTOR('',#751,1.E-2);
#753=CARTESIAN_POINT('',(5.E-3,3.555E-1,2.E-3));
#754=LINE('',#753,#752);
#755=DIRECTION('',(0.E0,0.E0,-1.E0));
#756=VECTOR('',#755,1.E-2);
#757=CARTESIAN_POINT('',(-5.E-3,3.555E-1,2.E-3));
#758=LINE('',#757,#756);
#759=DIRECTION('',(-1.E0,0.E0,0.E0));
#760=VECTOR('',#759,1.E-2);
#761=CARTESIAN_POINT('',(5.E-3,3.555E-1,-8.E-3));
#762=LINE('',#761,#760);
#763=DIRECTION('',(0.E0,0.E0,1.E0));
#764=VECTOR('',#763,1.E-2);
#765=CARTESIAN_POINT('',(5.E-3,3.555E-1,-8.E-3));
#766=LINE('',#765,#764);
#767=DIRECTION('',(-2.495131446207E-1,-9.356742923277E-1,2.495131446207E-1));
#768=VECTOR('',#767,3.206243908376E-2);
#769=CARTESIAN_POINT('',(-5.E-3,3.555E-1,2.E-3));
#770=LINE('',#769,#768);
#771=DIRECTION('',(-1.E0,0.E0,0.E0));
#772=VECTOR('',#771,2.6E-2);
#773=CARTESIAN_POINT('',(1.3E-2,3.255E-1,1.E-2));
#774=LINE('',#773,#772);
#775=DIRECTION('',(-1.E0,0.E0,0.E0));
#776=VECTOR('',#775,2.6E-2);
#777=CARTESIAN_POINT('',(1.3E-2,-1.245E-1,1.E-2));
#778=LINE('',#777,#776);
#779=DIRECTION('',(2.495131446207E-1,9.356742923277E-1,2.495131446207E-1));
#780=VECTOR('',#779,3.206243908376E-2);
#781=CARTESIAN_POINT('',(5.E-3,-1.545E-1,2.E-3));
#782=LINE('',#781,#780);
#783=DIRECTION('',(-1.E0,0.E0,0.E0));
#784=VECTOR('',#783,1.E-2);
#785=CARTESIAN_POINT('',(5.E-3,-1.545E-1,-8.E-3));
#786=LINE('',#785,#784);
#787=DIRECTION('',(0.E0,0.E0,1.E0));
#788=VECTOR('',#787,1.E-2);
#789=CARTESIAN_POINT('',(-5.E-3,-1.545E-1,-8.E-3));
#790=LINE('',#789,#788);
#791=DIRECTION('',(-1.E0,0.E0,0.E0));
#792=VECTOR('',#791,1.E-2);
#793=CARTESIAN_POINT('',(5.E-3,-1.545E-1,2.E-3));
#794=LINE('',#793,#792);
#795=DIRECTION('',(0.E0,0.E0,-1.E0));
#796=VECTOR('',#795,1.E-2);
#797=CARTESIAN_POINT('',(5.E-3,-1.545E-1,2.E-3));
#798=LINE('',#797,#796);
#799=DIRECTION('',(-2.495131446207E-1,9.356742923277E-1,-2.495131446207E-1));
#800=VECTOR('',#799,3.206243908376E-2);
#801=CARTESIAN_POINT('',(-5.E-3,-1.545E-1,-8.E-3));
#802=LINE('',#801,#800);
#803=DIRECTION('',(-2.495131446207E-1,-9.356742923277E-1,2.495131446207E-1));
#804=VECTOR('',#803,3.206243908376E-2);
#805=CARTESIAN_POINT('',(1.3E-2,-1.245E-1,-1.6E-2));
#806=LINE('',#805,#804);
#807=DIRECTION('',(-2.495131446207E-1,9.356742923277E-1,2.495131446207E-1));
#808=VECTOR('',#807,3.206243908376E-2);
#809=CARTESIAN_POINT('',(-5.E-3,-1.545E-1,2.E-3));
#810=LINE('',#809,#808);
#811=DIRECTION('',(0.E0,0.E0,1.E0));
#812=VECTOR('',#811,2.5E-1);
#813=CARTESIAN_POINT('',(2.6E-2,-3.75E-2,-1.25E-1));
#814=LINE('',#813,#812);
#815=DIRECTION('',(0.E0,0.E0,-1.E0));
#816=VECTOR('',#815,2.5E-1);
#817=CARTESIAN_POINT('',(-2.6E-2,-3.75E-2,1.25E-1));
#818=LINE('',#817,#816);
#819=DIRECTION('',(0.E0,0.E0,-1.E0));
#820=VECTOR('',#819,2.6E-2);
#821=CARTESIAN_POINT('',(-1.3E-2,-3.75E-2,1.E-2));
#822=LINE('',#821,#820);
#823=DIRECTION('',(1.E0,0.E0,0.E0));
#824=VECTOR('',#823,2.6E-2);
#825=CARTESIAN_POINT('',(-1.3E-2,-3.75E-2,-1.6E-2));
#826=LINE('',#825,#824);
#827=DIRECTION('',(0.E0,0.E0,-1.E0));
#828=VECTOR('',#827,2.6E-2);
#829=CARTESIAN_POINT('',(1.3E-2,-3.75E-2,1.E-2));
#830=LINE('',#829,#828);
#831=DIRECTION('',(1.E0,0.E0,0.E0));
#832=VECTOR('',#831,2.6E-2);
#833=CARTESIAN_POINT('',(-1.3E-2,-3.75E-2,1.E-2));
#834=LINE('',#833,#832);
#835=DIRECTION('',(0.E0,0.E0,-1.E0));
#836=VECTOR('',#835,2.6E-2);
#837=CARTESIAN_POINT('',(8.7E-2,3.255E-1,1.E-2));
#838=LINE('',#837,#836);
#839=DIRECTION('',(0.E0,-1.E0,0.E0));
#840=VECTOR('',#839,2.63E-1);
#841=CARTESIAN_POINT('',(8.7E-2,3.255E-1,1.E-2));
#842=LINE('',#841,#840);
#843=DIRECTION('',(0.E0,1.E0,0.E0));
#844=VECTOR('',#843,2.63E-1);
#845=CARTESIAN_POINT('',(8.7E-2,6.25E-2,-1.6E-2));
#846=LINE('',#845,#844);
#847=DIRECTION('',(0.E0,0.E0,1.E0));
#848=VECTOR('',#847,2.6E-2);
#849=CARTESIAN_POINT('',(8.7E-2,-1.245E-1,-1.6E-2));
#850=LINE('',#849,#848);
#851=DIRECTION('',(0.E0,1.E0,0.E0));
#852=VECTOR('',#851,8.7E-2);
#853=CARTESIAN_POINT('',(8.7E-2,-1.245E-1,-1.6E-2));
#854=LINE('',#853,#852);
#855=DIRECTION('',(0.E0,-1.E0,0.E0));
#856=VECTOR('',#855,8.7E-2);
#857=CARTESIAN_POINT('',(8.7E-2,-3.75E-2,1.E-2));
#858=LINE('',#857,#856);
#859=DIRECTION('',(-2.495131446207E-1,-9.356742923277E-1,-2.495131446207E-1));
#860=VECTOR('',#859,3.206243908376E-2);
#861=CARTESIAN_POINT('',(9.5E-2,3.555E-1,-8.E-3));
#862=LINE('',#861,#860);
#863=DIRECTION('',(2.495131446207E-1,-9.356742923277E-1,-2.495131446207E-1));
#864=VECTOR('',#863,3.206243908376E-2);
#865=CARTESIAN_POINT('',(1.05E-1,3.555E-1,-8.E-3));
#866=LINE('',#865,#864);
#867=DIRECTION('',(-1.E0,0.E0,0.E0));
#868=VECTOR('',#867,2.6E-2);
#869=CARTESIAN_POINT('',(1.13E-1,3.255E-1,-1.6E-2));
#870=LINE('',#869,#868);
#871=DIRECTION('',(-1.E0,0.E0,0.E0));
#872=VECTOR('',#871,2.6E-2);
#873=CARTESIAN_POINT('',(1.13E-1,-1.245E-1,-1.6E-2));
#874=LINE('',#873,#872);
#875=DIRECTION('',(0.E0,0.E0,1.E0));
#876=VECTOR('',#875,2.6E-2);
#877=CARTESIAN_POINT('',(1.13E-1,3.255E-1,-1.6E-2));
#878=LINE('',#877,#876);
#879=DIRECTION('',(0.E0,1.E0,0.E0));
#880=VECTOR('',#879,2.63E-1);
#881=CARTESIAN_POINT('',(1.13E-1,6.25E-2,-1.6E-2));
#882=LINE('',#881,#880);
#883=DIRECTION('',(0.E0,-1.E0,0.E0));
#884=VECTOR('',#883,2.63E-1);
#885=CARTESIAN_POINT('',(1.13E-1,3.255E-1,1.E-2));
#886=LINE('',#885,#884);
#887=DIRECTION('',(0.E0,0.E0,-1.E0));
#888=VECTOR('',#887,2.6E-2);
#889=CARTESIAN_POINT('',(1.13E-1,-1.245E-1,1.E-2));
#890=LINE('',#889,#888);
#891=DIRECTION('',(0.E0,-1.E0,0.E0));
#892=VECTOR('',#891,8.7E-2);
#893=CARTESIAN_POINT('',(1.13E-1,-3.75E-2,1.E-2));
#894=LINE('',#893,#892);
#895=DIRECTION('',(0.E0,1.E0,0.E0));
#896=VECTOR('',#895,8.7E-2);
#897=CARTESIAN_POINT('',(1.13E-1,-1.245E-1,-1.6E-2));
#898=LINE('',#897,#896);
#899=DIRECTION('',(2.495131446207E-1,-9.356742923277E-1,2.495131446207E-1));
#900=VECTOR('',#899,3.206243908376E-2);
#901=CARTESIAN_POINT('',(1.05E-1,3.555E-1,2.E-3));
#902=LINE('',#901,#900);
#903=DIRECTION('',(-1.E0,0.E0,0.E0));
#904=VECTOR('',#903,1.E-2);
#905=CARTESIAN_POINT('',(1.05E-1,3.555E-1,2.E-3));
#906=LINE('',#905,#904);
#907=DIRECTION('',(0.E0,0.E0,-1.E0));
#908=VECTOR('',#907,1.E-2);
#909=CARTESIAN_POINT('',(9.5E-2,3.555E-1,2.E-3));
#910=LINE('',#909,#908);
#911=DIRECTION('',(-1.E0,0.E0,0.E0));
#912=VECTOR('',#911,1.E-2);
#913=CARTESIAN_POINT('',(1.05E-1,3.555E-1,-8.E-3));
#914=LINE('',#913,#912);
#915=DIRECTION('',(0.E0,0.E0,1.E0));
#916=VECTOR('',#915,1.E-2);
#917=CARTESIAN_POINT('',(1.05E-1,3.555E-1,-8.E-3));
#918=LINE('',#917,#916);
#919=DIRECTION('',(-2.495131446207E-1,-9.356742923277E-1,2.495131446207E-1));
#920=VECTOR('',#919,3.206243908376E-2);
#921=CARTESIAN_POINT('',(9.5E-2,3.555E-1,2.E-3));
#922=LINE('',#921,#920);
#923=DIRECTION('',(-1.E0,0.E0,0.E0));
#924=VECTOR('',#923,2.6E-2);
#925=CARTESIAN_POINT('',(1.13E-1,3.255E-1,1.E-2));
#926=LINE('',#925,#924);
#927=DIRECTION('',(-1.E0,0.E0,0.E0));
#928=VECTOR('',#927,2.6E-2);
#929=CARTESIAN_POINT('',(1.13E-1,-1.245E-1,1.E-2));
#930=LINE('',#929,#928);
#931=DIRECTION('',(2.495131446207E-1,9.356742923277E-1,2.495131446207E-1));
#932=VECTOR('',#931,3.206243908376E-2);
#933=CARTESIAN_POINT('',(1.05E-1,-1.545E-1,2.E-3));
#934=LINE('',#933,#932);
#935=DIRECTION('',(-1.E0,0.E0,0.E0));
#936=VECTOR('',#935,1.E-2);
#937=CARTESIAN_POINT('',(1.05E-1,-1.545E-1,-8.E-3));
#938=LINE('',#937,#936);
#939=DIRECTION('',(0.E0,0.E0,1.E0));
#940=VECTOR('',#939,1.E-2);
#941=CARTESIAN_POINT('',(9.5E-2,-1.545E-1,-8.E-3));
#942=LINE('',#941,#940);
#943=DIRECTION('',(-1.E0,0.E0,0.E0));
#944=VECTOR('',#943,1.E-2);
#945=CARTESIAN_POINT('',(1.05E-1,-1.545E-1,2.E-3));
#946=LINE('',#945,#944);
#947=DIRECTION('',(0.E0,0.E0,-1.E0));
#948=VECTOR('',#947,1.E-2);
#949=CARTESIAN_POINT('',(1.05E-1,-1.545E-1,2.E-3));
#950=LINE('',#949,#948);
#951=DIRECTION('',(-2.495131446207E-1,9.356742923277E-1,-2.495131446207E-1));
#952=VECTOR('',#951,3.206243908376E-2);
#953=CARTESIAN_POINT('',(9.5E-2,-1.545E-1,-8.E-3));
#954=LINE('',#953,#952);
#955=DIRECTION('',(-2.495131446207E-1,-9.356742923277E-1,2.495131446207E-1));
#956=VECTOR('',#955,3.206243908376E-2);
#957=CARTESIAN_POINT('',(1.13E-1,-1.245E-1,-1.6E-2));
#958=LINE('',#957,#956);
#959=DIRECTION('',(-2.495131446207E-1,9.356742923277E-1,2.495131446207E-1));
#960=VECTOR('',#959,3.206243908376E-2);
#961=CARTESIAN_POINT('',(9.5E-2,-1.545E-1,2.E-3));
#962=LINE('',#961,#960);
#963=DIRECTION('',(-8.269265020695E-1,-5.623100214073E-1,0.E0));
#964=VECTOR('',#963,3.023243291566E-2);
#965=CARTESIAN_POINT('',(1.47E-1,3.25E-2,-9.1E-2));
#966=LINE('',#965,#964);
#967=DIRECTION('',(8.269265020695E-1,-5.623100214073E-1,0.E0));
#968=VECTOR('',#967,3.023243291566E-2);
#969=CARTESIAN_POINT('',(1.22E-1,9.5E-3,-9.1E-2));
#970=LINE('',#969,#968);
#971=DIRECTION('',(8.269265020695E-1,5.623100214073E-1,0.E0));
#972=VECTOR('',#971,3.023243291566E-2);
#973=CARTESIAN_POINT('',(1.22E-1,1.55E-2,8.9E-2));
#974=LINE('',#973,#972);
#975=DIRECTION('',(-8.269265020695E-1,5.623100214073E-1,0.E0));
#976=VECTOR('',#975,3.023243291566E-2);
#977=CARTESIAN_POINT('',(1.47E-1,-7.5E-3,8.9E-2));
#978=LINE('',#977,#976);
#979=DIRECTION('',(0.E0,0.E0,-1.E0));
#980=VECTOR('',#979,1.8E-1);
#981=CARTESIAN_POINT('',(1.22E-1,1.55E-2,8.9E-2));
#982=LINE('',#981,#980);
#983=DIRECTION('',(0.E0,1.E0,0.E0));
#984=VECTOR('',#983,6.E-3);
#985=CARTESIAN_POINT('',(1.22E-1,9.5E-3,-9.1E-2));
#986=LINE('',#985,#984);
#987=DIRECTION('',(0.E0,0.E0,1.E0));
#988=VECTOR('',#987,1.8E-1);
#989=CARTESIAN_POINT('',(1.22E-1,9.5E-3,-9.1E-2));
#990=LINE('',#989,#988);
#991=DIRECTION('',(0.E0,-1.E0,0.E0));
#992=VECTOR('',#991,6.E-3);
#993=CARTESIAN_POINT('',(1.22E-1,1.55E-2,8.9E-2));
#994=LINE('',#993,#992);
#995=DIRECTION('',(8.269265020695E-1,-5.623100214073E-1,0.E0));
#996=VECTOR('',#995,3.023243291566E-2);
#997=CARTESIAN_POINT('',(-1.47E-1,3.25E-2,8.9E-2));
#998=LINE('',#997,#996);
#999=DIRECTION('',(-8.269265020695E-1,-5.623100214073E-1,0.E0));
#1000=VECTOR('',#999,3.023243291566E-2);
#1001=CARTESIAN_POINT('',(-1.22E-1,9.5E-3,8.9E-2));
#1002=LINE('',#1001,#1000);
#1003=DIRECTION('',(-8.269265020695E-1,5.623100214073E-1,0.E0));
#1004=VECTOR('',#1003,3.023243291566E-2);
#1005=CARTESIAN_POINT('',(-1.22E-1,1.55E-2,-9.1E-2));
#1006=LINE('',#1005,#1004);
#1007=DIRECTION('',(8.269265020695E-1,5.623100214073E-1,0.E0));
#1008=VECTOR('',#1007,3.023243291566E-2);
#1009=CARTESIAN_POINT('',(-1.47E-1,-7.5E-3,-9.1E-2));
#1010=LINE('',#1009,#1008);
#1011=DIRECTION('',(0.E0,0.E0,1.E0));
#1012=VECTOR('',#1011,1.8E-1);
#1013=CARTESIAN_POINT('',(-1.22E-1,1.55E-2,-9.1E-2));
#1014=LINE('',#1013,#1012);
#1015=DIRECTION('',(0.E0,-1.E0,0.E0));
#1016=VECTOR('',#1015,6.E-3);
#1017=CARTESIAN_POINT('',(-1.22E-1,1.55E-2,8.9E-2));
#1018=LINE('',#1017,#1016);
#1019=DIRECTION('',(0.E0,0.E0,-1.E0));
#1020=VECTOR('',#1019,1.8E-1);
#1021=CARTESIAN_POINT('',(-1.22E-1,9.5E-3,8.9E-2));
#1022=LINE('',#1021,#1020);
#1023=DIRECTION('',(0.E0,1.E0,0.E0));
#1024=VECTOR('',#1023,6.E-3);
#1025=CARTESIAN_POINT('',(-1.22E-1,9.5E-3,-9.1E-2));
#1026=LINE('',#1025,#1024);
#1027=CARTESIAN_POINT('',(-1.47E-1,6.25E-2,1.25E-1));
#1028=CARTESIAN_POINT('',(-1.47E-1,-6.25E-2,1.25E-1));
#1029=VERTEX_POINT('',#1027);
#1030=VERTEX_POINT('',#1028);
#1031=CARTESIAN_POINT('',(-1.47E-1,-6.25E-2,-1.25E-1));
#1032=VERTEX_POINT('',#1031);
#1033=CARTESIAN_POINT('',(-1.47E-1,6.25E-2,-1.25E-1));
#1034=VERTEX_POINT('',#1033);
#1035=CARTESIAN_POINT('',(1.47E-1,6.25E-2,1.25E-1));
#1036=CARTESIAN_POINT('',(1.47E-1,-6.25E-2,1.25E-1));
#1037=VERTEX_POINT('',#1035);
#1038=VERTEX_POINT('',#1036);
#1039=CARTESIAN_POINT('',(1.47E-1,-6.25E-2,-1.25E-1));
#1040=VERTEX_POINT('',#1039);
#1041=CARTESIAN_POINT('',(1.47E-1,6.25E-2,-1.25E-1));
#1042=VERTEX_POINT('',#1041);
#1043=CARTESIAN_POINT('',(-1.E-1,2.595E-1,-1.25E-1));
#1044=CARTESIAN_POINT('',(-1.E-1,2.595E-1,-9.2E-2));
#1045=VERTEX_POINT('',#1043);
#1046=VERTEX_POINT('',#1044);
#1047=CARTESIAN_POINT('',(-1.E-1,2.255E-1,-5.8E-2));
#1048=VERTEX_POINT('',#1047);
#1049=CARTESIAN_POINT('',(-1.E-1,1.965E-1,-5.8E-2));
#1050=VERTEX_POINT('',#1049);
#1051=CARTESIAN_POINT('',(-1.E-1,1.375E-1,-9.2E-2));
#1052=VERTEX_POINT('',#1051);
#1053=CARTESIAN_POINT('',(-1.E-1,7.85E-2,-9.2E-2));
#1054=VERTEX_POINT('',#1053);
#1055=CARTESIAN_POINT('',(1.E-1,2.595E-1,-1.25E-1));
#1056=CARTESIAN_POINT('',(1.E-1,2.595E-1,-9.2E-2));
#1057=VERTEX_POINT('',#1055);
#1058=VERTEX_POINT('',#1056);
#1059=CARTESIAN_POINT('',(1.E-1,2.255E-1,-5.8E-2));
#1060=VERTEX_POINT('',#1059);
#1061=CARTESIAN_POINT('',(1.E-1,1.965E-1,-5.8E-2));
#1062=VERTEX_POINT('',#1061);
#1063=CARTESIAN_POINT('',(1.E-1,1.375E-1,-9.2E-2));
#1064=VERTEX_POINT('',#1063);
#1065=CARTESIAN_POINT('',(1.E-1,7.85E-2,-9.2E-2));
#1066=VERTEX_POINT('',#1065);
#1067=CARTESIAN_POINT('',(-1.E-1,6.25E-2,-1.25E-1));
#1068=CARTESIAN_POINT('',(-1.E-1,6.25E-2,-7.6E-2));
#1069=VERTEX_POINT('',#1067);
#1070=VERTEX_POINT('',#1068);
#1071=CARTESIAN_POINT('',(1.E-1,6.25E-2,-1.25E-1));
#1072=CARTESIAN_POINT('',(1.E-1,6.25E-2,-7.6E-2));
#1073=VERTEX_POINT('',#1071);
#1074=VERTEX_POINT('',#1072);
#1075=CARTESIAN_POINT('',(-1.13E-1,6.25E-2,1.E-2));
#1076=CARTESIAN_POINT('',(-1.13E-1,6.25E-2,-1.6E-2));
#1077=VERTEX_POINT('',#1075);
#1078=VERTEX_POINT('',#1076);
#1079=CARTESIAN_POINT('',(-8.7E-2,6.25E-2,1.E-2));
#1080=CARTESIAN_POINT('',(-8.7E-2,6.25E-2,-1.6E-2));
#1081=VERTEX_POINT('',#1079);
#1082=VERTEX_POINT('',#1080);
#1083=CARTESIAN_POINT('',(-8.7E-2,3.255E-1,1.E-2));
#1084=CARTESIAN_POINT('',(-1.13E-1,3.255E-1,1.E-2));
#1085=VERTEX_POINT('',#1083);
#1086=VERTEX_POINT('',#1084);
#1087=CARTESIAN_POINT('',(-9.5E-2,3.555E-1,2.E-3));
#1088=CARTESIAN_POINT('',(-1.05E-1,3.555E-1,2.E-3));
#1089=VERTEX_POINT('',#1087);
#1090=VERTEX_POINT('',#1088);
#1091=CARTESIAN_POINT('',(-9.5E-2,3.555E-1,-8.E-3));
#1092=VERTEX_POINT('',#1091);
#1093=CARTESIAN_POINT('',(-8.7E-2,3.255E-1,-1.6E-2));
#1094=VERTEX_POINT('',#1093);
#1095=CARTESIAN_POINT('',(-1.13E-1,3.255E-1,-1.6E-2));
#1096=VERTEX_POINT('',#1095);
#1097=CARTESIAN_POINT('',(-1.05E-1,3.555E-1,-8.E-3));
#1098=VERTEX_POINT('',#1097);
#1099=CARTESIAN_POINT('',(-8.7E-2,-1.245E-1,-1.6E-2));
#1100=CARTESIAN_POINT('',(-1.13E-1,-1.245E-1,-1.6E-2));
#1101=VERTEX_POINT('',#1099);
#1102=VERTEX_POINT('',#1100);
#1103=CARTESIAN_POINT('',(-9.5E-2,-1.545E-1,-8.E-3));
#1104=CARTESIAN_POINT('',(-1.05E-1,-1.545E-1,-8.E-3));
#1105=VERTEX_POINT('',#1103);
#1106=VERTEX_POINT('',#1104);
#1107=CARTESIAN_POINT('',(-9.5E-2,-1.545E-1,2.E-3));
#1108=VERTEX_POINT('',#1107);
#1109=CARTESIAN_POINT('',(-8.7E-2,-1.245E-1,1.E-2));
#1110=VERTEX_POINT('',#1109);
#1111=CARTESIAN_POINT('',(-1.13E-1,-1.245E-1,1.E-2));
#1112=VERTEX_POINT('',#1111);
#1113=CARTESIAN_POINT('',(-1.05E-1,-1.545E-1,2.E-3));
#1114=VERTEX_POINT('',#1113);
#1115=CARTESIAN_POINT('',(-1.13E-1,-3.75E-2,1.E-2));
#1116=VERTEX_POINT('',#1115);
#1117=CARTESIAN_POINT('',(-1.13E-1,-3.75E-2,-1.6E-2));
#1118=VERTEX_POINT('',#1117);
#1119=CARTESIAN_POINT('',(-8.7E-2,-3.75E-2,1.E-2));
#1120=VERTEX_POINT('',#1119);
#1121=CARTESIAN_POINT('',(-8.7E-2,-3.75E-2,-1.6E-2));
#1122=VERTEX_POINT('',#1121);
#1123=CARTESIAN_POINT('',(-1.26E-1,-3.75E-2,1.25E-1));
#1124=CARTESIAN_POINT('',(-7.4E-2,-3.75E-2,1.25E-1));
#1125=VERTEX_POINT('',#1123);
#1126=VERTEX_POINT('',#1124);
#1127=CARTESIAN_POINT('',(-1.26E-1,-6.25E-2,1.25E-1));
#1128=VERTEX_POINT('',#1127);
#1129=CARTESIAN_POINT('',(-7.4E-2,-6.25E-2,1.25E-1));
#1130=VERTEX_POINT('',#1129);
#1131=CARTESIAN_POINT('',(-1.26E-1,-6.25E-2,-1.25E-1));
#1132=VERTEX_POINT('',#1131);
#1133=CARTESIAN_POINT('',(-7.4E-2,-6.25E-2,-1.25E-1));
#1134=VERTEX_POINT('',#1133);
#1135=CARTESIAN_POINT('',(-1.26E-1,-3.75E-2,-1.25E-1));
#1136=CARTESIAN_POINT('',(-7.4E-2,-3.75E-2,-1.25E-1));
#1137=VERTEX_POINT('',#1135);
#1138=VERTEX_POINT('',#1136);
#1139=CARTESIAN_POINT('',(1.47E-1,3.25E-2,-9.1E-2));
#1140=CARTESIAN_POINT('',(1.22E-1,1.55E-2,-9.1E-2));
#1141=VERTEX_POINT('',#1139);
#1142=VERTEX_POINT('',#1140);
#1143=CARTESIAN_POINT('',(1.22E-1,1.55E-2,8.9E-2));
#1144=VERTEX_POINT('',#1143);
#1145=CARTESIAN_POINT('',(1.47E-1,3.25E-2,8.9E-2));
#1146=VERTEX_POINT('',#1145);
#1147=CARTESIAN_POINT('',(1.47E-1,-7.5E-3,8.9E-2));
#1148=CARTESIAN_POINT('',(1.22E-1,9.5E-3,8.9E-2));
#1149=VERTEX_POINT('',#1147);
#1150=VERTEX_POINT('',#1148);
#1151=CARTESIAN_POINT('',(1.22E-1,9.5E-3,-9.1E-2));
#1152=VERTEX_POINT('',#1151);
#1153=CARTESIAN_POINT('',(1.47E-1,-7.5E-3,-9.1E-2));
#1154=VERTEX_POINT('',#1153);
#1155=CARTESIAN_POINT('',(-1.47E-1,3.25E-2,8.9E-2));
#1156=CARTESIAN_POINT('',(-1.22E-1,1.55E-2,8.9E-2));
#1157=VERTEX_POINT('',#1155);
#1158=VERTEX_POINT('',#1156);
#1159=CARTESIAN_POINT('',(-1.22E-1,1.55E-2,-9.1E-2));
#1160=VERTEX_POINT('',#1159);
#1161=CARTESIAN_POINT('',(-1.47E-1,3.25E-2,-9.1E-2));
#1162=VERTEX_POINT('',#1161);
#1163=CARTESIAN_POINT('',(-1.47E-1,-7.5E-3,-9.1E-2));
#1164=CARTESIAN_POINT('',(-1.22E-1,9.5E-3,-9.1E-2));
#1165=VERTEX_POINT('',#1163);
#1166=VERTEX_POINT('',#1164);
#1167=CARTESIAN_POINT('',(-1.22E-1,9.5E-3,8.9E-2));
#1168=VERTEX_POINT('',#1167);
#1169=CARTESIAN_POINT('',(-1.47E-1,-7.5E-3,8.9E-2));
#1170=VERTEX_POINT('',#1169);
#1171=CARTESIAN_POINT('',(-2.6E-2,-3.75E-2,1.25E-1));
#1172=CARTESIAN_POINT('',(2.6E-2,-3.75E-2,1.25E-1));
#1173=VERTEX_POINT('',#1171);
#1174=VERTEX_POINT('',#1172);
#1175=CARTESIAN_POINT('',(-2.6E-2,-6.25E-2,1.25E-1));
#1176=VERTEX_POINT('',#1175);
#1177=CARTESIAN_POINT('',(2.6E-2,-6.25E-2,1.25E-1));
#1178=VERTEX_POINT('',#1177);
#1179=CARTESIAN_POINT('',(-2.6E-2,-6.25E-2,-1.25E-1));
#1180=VERTEX_POINT('',#1179);
#1181=CARTESIAN_POINT('',(2.6E-2,-6.25E-2,-1.25E-1));
#1182=VERTEX_POINT('',#1181);
#1183=CARTESIAN_POINT('',(-2.6E-2,-3.75E-2,-1.25E-1));
#1184=CARTESIAN_POINT('',(2.6E-2,-3.75E-2,-1.25E-1));
#1185=VERTEX_POINT('',#1183);
#1186=VERTEX_POINT('',#1184);
#1187=CARTESIAN_POINT('',(7.4E-2,-3.75E-2,1.25E-1));
#1188=CARTESIAN_POINT('',(1.26E-1,-3.75E-2,1.25E-1));
#1189=VERTEX_POINT('',#1187);
#1190=VERTEX_POINT('',#1188);
#1191=CARTESIAN_POINT('',(7.4E-2,-6.25E-2,1.25E-1));
#1192=VERTEX_POINT('',#1191);
#1193=CARTESIAN_POINT('',(1.26E-1,-6.25E-2,1.25E-1));
#1194=VERTEX_POINT('',#1193);
#1195=CARTESIAN_POINT('',(7.4E-2,-6.25E-2,-1.25E-1));
#1196=VERTEX_POINT('',#1195);
#1197=CARTESIAN_POINT('',(1.26E-1,-6.25E-2,-1.25E-1));
#1198=VERTEX_POINT('',#1197);
#1199=CARTESIAN_POINT('',(7.4E-2,-3.75E-2,-1.25E-1));
#1200=CARTESIAN_POINT('',(1.26E-1,-3.75E-2,-1.25E-1));
#1201=VERTEX_POINT('',#1199);
#1202=VERTEX_POINT('',#1200);
#1203=CARTESIAN_POINT('',(-1.3E-2,6.25E-2,1.E-2));
#1204=CARTESIAN_POINT('',(-1.3E-2,6.25E-2,-1.6E-2));
#1205=VERTEX_POINT('',#1203);
#1206=VERTEX_POINT('',#1204);
#1207=CARTESIAN_POINT('',(1.3E-2,6.25E-2,1.E-2));
#1208=CARTESIAN_POINT('',(1.3E-2,6.25E-2,-1.6E-2));
#1209=VERTEX_POINT('',#1207);
#1210=VERTEX_POINT('',#1208);
#1211=CARTESIAN_POINT('',(-1.3E-2,-3.75E-2,1.E-2));
#1212=CARTESIAN_POINT('',(-1.3E-2,-3.75E-2,-1.6E-2));
#1213=VERTEX_POINT('',#1211);
#1214=VERTEX_POINT('',#1212);
#1215=CARTESIAN_POINT('',(1.3E-2,-3.75E-2,1.E-2));
#1216=CARTESIAN_POINT('',(1.3E-2,-3.75E-2,-1.6E-2));
#1217=VERTEX_POINT('',#1215);
#1218=VERTEX_POINT('',#1216);
#1219=CARTESIAN_POINT('',(8.7E-2,6.25E-2,1.E-2));
#1220=CARTESIAN_POINT('',(8.7E-2,6.25E-2,-1.6E-2));
#1221=VERTEX_POINT('',#1219);
#1222=VERTEX_POINT('',#1220);
#1223=CARTESIAN_POINT('',(1.13E-1,6.25E-2,1.E-2));
#1224=CARTESIAN_POINT('',(1.13E-1,6.25E-2,-1.6E-2));
#1225=VERTEX_POINT('',#1223);
#1226=VERTEX_POINT('',#1224);
#1227=CARTESIAN_POINT('',(8.7E-2,-3.75E-2,1.E-2));
#1228=CARTESIAN_POINT('',(8.7E-2,-3.75E-2,-1.6E-2));
#1229=VERTEX_POINT('',#1227);
#1230=VERTEX_POINT('',#1228);
#1231=CARTESIAN_POINT('',(1.13E-1,-3.75E-2,1.E-2));
#1232=CARTESIAN_POINT('',(1.13E-1,-3.75E-2,-1.6E-2));
#1233=VERTEX_POINT('',#1231);
#1234=VERTEX_POINT('',#1232);
#1235=CARTESIAN_POINT('',(1.3E-2,3.255E-1,1.E-2));
#1236=CARTESIAN_POINT('',(-1.3E-2,3.255E-1,1.E-2));
#1237=VERTEX_POINT('',#1235);
#1238=VERTEX_POINT('',#1236);
#1239=CARTESIAN_POINT('',(5.E-3,3.555E-1,2.E-3));
#1240=CARTESIAN_POINT('',(-5.E-3,3.555E-1,2.E-3));
#1241=VERTEX_POINT('',#1239);
#1242=VERTEX_POINT('',#1240);
#1243=CARTESIAN_POINT('',(5.E-3,3.555E-1,-8.E-3));
#1244=VERTEX_POINT('',#1243);
#1245=CARTESIAN_POINT('',(1.3E-2,3.255E-1,-1.6E-2));
#1246=VERTEX_POINT('',#1245);
#1247=CARTESIAN_POINT('',(-1.3E-2,3.255E-1,-1.6E-2));
#1248=VERTEX_POINT('',#1247);
#1249=CARTESIAN_POINT('',(-5.E-3,3.555E-1,-8.E-3));
#1250=VERTEX_POINT('',#1249);
#1251=CARTESIAN_POINT('',(1.3E-2,-1.245E-1,-1.6E-2));
#1252=CARTESIAN_POINT('',(-1.3E-2,-1.245E-1,-1.6E-2));
#1253=VERTEX_POINT('',#1251);
#1254=VERTEX_POINT('',#1252);
#1255=CARTESIAN_POINT('',(5.E-3,-1.545E-1,-8.E-3));
#1256=CARTESIAN_POINT('',(-5.E-3,-1.545E-1,-8.E-3));
#1257=VERTEX_POINT('',#1255);
#1258=VERTEX_POINT('',#1256);
#1259=CARTESIAN_POINT('',(5.E-3,-1.545E-1,2.E-3));
#1260=VERTEX_POINT('',#1259);
#1261=CARTESIAN_POINT('',(1.3E-2,-1.245E-1,1.E-2));
#1262=VERTEX_POINT('',#1261);
#1263=CARTESIAN_POINT('',(-1.3E-2,-1.245E-1,1.E-2));
#1264=VERTEX_POINT('',#1263);
#1265=CARTESIAN_POINT('',(-5.E-3,-1.545E-1,2.E-3));
#1266=VERTEX_POINT('',#1265);
#1267=CARTESIAN_POINT('',(1.13E-1,3.255E-1,1.E-2));
#1268=CARTESIAN_POINT('',(8.7E-2,3.255E-1,1.E-2));
#1269=VERTEX_POINT('',#1267);
#1270=VERTEX_POINT('',#1268);
#1271=CARTESIAN_POINT('',(1.05E-1,3.555E-1,2.E-3));
#1272=CARTESIAN_POINT('',(9.5E-2,3.555E-1,2.E-3));
#1273=VERTEX_POINT('',#1271);
#1274=VERTEX_POINT('',#1272);
#1275=CARTESIAN_POINT('',(1.05E-1,3.555E-1,-8.E-3));
#1276=VERTEX_POINT('',#1275);
#1277=CARTESIAN_POINT('',(1.13E-1,3.255E-1,-1.6E-2));
#1278=VERTEX_POINT('',#1277);
#1279=CARTESIAN_POINT('',(8.7E-2,3.255E-1,-1.6E-2));
#1280=VERTEX_POINT('',#1279);
#1281=CARTESIAN_POINT('',(9.5E-2,3.555E-1,-8.E-3));
#1282=VERTEX_POINT('',#1281);
#1283=CARTESIAN_POINT('',(1.13E-1,-1.245E-1,-1.6E-2));
#1284=CARTESIAN_POINT('',(8.7E-2,-1.245E-1,-1.6E-2));
#1285=VERTEX_POINT('',#1283);
#1286=VERTEX_POINT('',#1284);
#1287=CARTESIAN_POINT('',(1.05E-1,-1.545E-1,-8.E-3));
#1288=CARTESIAN_POINT('',(9.5E-2,-1.545E-1,-8.E-3));
#1289=VERTEX_POINT('',#1287);
#1290=VERTEX_POINT('',#1288);
#1291=CARTESIAN_POINT('',(1.05E-1,-1.545E-1,2.E-3));
#1292=VERTEX_POINT('',#1291);
#1293=CARTESIAN_POINT('',(1.13E-1,-1.245E-1,1.E-2));
#1294=VERTEX_POINT('',#1293);
#1295=CARTESIAN_POINT('',(8.7E-2,-1.245E-1,1.E-2));
#1296=VERTEX_POINT('',#1295);
#1297=CARTESIAN_POINT('',(9.5E-2,-1.545E-1,2.E-3));
#1298=VERTEX_POINT('',#1297);
#1299=CARTESIAN_POINT('',(-9.E-2,4.115E-1,1.2E-1));
#1300=CARTESIAN_POINT('',(-9.E-2,3.815E-1,1.2E-1));
#1301=VERTEX_POINT('',#1299);
#1302=VERTEX_POINT('',#1300);
#1303=CARTESIAN_POINT('',(-9.E-2,3.815E-1,1.1E-1));
#1304=VERTEX_POINT('',#1303);
#1305=CARTESIAN_POINT('',(-9.E-2,1.515E-1,1.1E-1));
#1306=VERTEX_POINT('',#1305);
#1307=CARTESIAN_POINT('',(-9.E-2,1.515E-1,8.E-2));
#1308=VERTEX_POINT('',#1307);
#1309=CARTESIAN_POINT('',(-9.E-2,3.815E-1,8.E-2));
#1310=VERTEX_POINT('',#1309);
#1311=CARTESIAN_POINT('',(-9.E-2,3.815E-1,-8.E-2));
#1312=VERTEX_POINT('',#1311);
#1313=CARTESIAN_POINT('',(-9.E-2,2.595E-1,-8.E-2));
#1314=VERTEX_POINT('',#1313);
#1315=CARTESIAN_POINT('',(-9.E-2,3.815E-1,-1.1E-1));
#1316=CARTESIAN_POINT('',(-9.E-2,3.815E-1,-1.2E-1));
#1317=VERTEX_POINT('',#1315);
#1318=VERTEX_POINT('',#1316);
#1319=CARTESIAN_POINT('',(-9.E-2,4.115E-1,-1.2E-1));
#1320=VERTEX_POINT('',#1319);
#1321=CARTESIAN_POINT('',(9.E-2,4.115E-1,1.2E-1));
#1322=CARTESIAN_POINT('',(9.E-2,3.815E-1,1.2E-1));
#1323=VERTEX_POINT('',#1321);
#1324=VERTEX_POINT('',#1322);
#1325=CARTESIAN_POINT('',(9.E-2,3.815E-1,1.1E-1));
#1326=VERTEX_POINT('',#1325);
#1327=CARTESIAN_POINT('',(9.E-2,1.515E-1,1.1E-1));
#1328=VERTEX_POINT('',#1327);
#1329=CARTESIAN_POINT('',(9.E-2,1.515E-1,8.E-2));
#1330=VERTEX_POINT('',#1329);
#1331=CARTESIAN_POINT('',(9.E-2,3.815E-1,8.E-2));
#1332=VERTEX_POINT('',#1331);
#1333=CARTESIAN_POINT('',(9.E-2,3.815E-1,-8.E-2));
#1334=VERTEX_POINT('',#1333);
#1335=CARTESIAN_POINT('',(9.E-2,2.595E-1,-8.E-2));
#1336=VERTEX_POINT('',#1335);
#1337=CARTESIAN_POINT('',(9.E-2,3.815E-1,-1.1E-1));
#1338=CARTESIAN_POINT('',(9.E-2,3.815E-1,-1.2E-1));
#1339=VERTEX_POINT('',#1337);
#1340=VERTEX_POINT('',#1338);
#1341=CARTESIAN_POINT('',(9.E-2,4.115E-1,-1.2E-1));
#1342=VERTEX_POINT('',#1341);
#1343=CARTESIAN_POINT('',(-9.E-2,2.595E-1,-9.2E-2));
#1344=CARTESIAN_POINT('',(-9.E-2,2.595E-1,-1.1E-1));
#1345=VERTEX_POINT('',#1343);
#1346=VERTEX_POINT('',#1344);
#1347=CARTESIAN_POINT('',(9.E-2,2.595E-1,-9.2E-2));
#1348=CARTESIAN_POINT('',(9.E-2,2.595E-1,-1.1E-1));
#1349=VERTEX_POINT('',#1347);
#1350=VERTEX_POINT('',#1348);
#1351=CARTESIAN_POINT('',(-1.47E-1,0.E0,0.E0));
#1352=DIRECTION('',(1.E0,0.E0,0.E0));
#1353=DIRECTION('',(0.E0,0.E0,-1.E0));
#1354=AXIS2_PLACEMENT_3D('',#1351,#1352,#1353);
#1355=PLANE('',#1354);
#1357=ORIENTED_EDGE('',*,*,#1356,.T.);
#1359=ORIENTED_EDGE('',*,*,#1358,.T.);
#1361=ORIENTED_EDGE('',*,*,#1360,.T.);
#1363=ORIENTED_EDGE('',*,*,#1362,.T.);
#1364=EDGE_LOOP('',(#1357,#1359,#1361,#1363));
#1365=FACE_OUTER_BOUND('',#1364,.F.);
#1367=ORIENTED_EDGE('',*,*,#1366,.F.);
#1369=ORIENTED_EDGE('',*,*,#1368,.F.);
#1371=ORIENTED_EDGE('',*,*,#1370,.F.);
#1373=ORIENTED_EDGE('',*,*,#1372,.F.);
#1374=EDGE_LOOP('',(#1367,#1369,#1371,#1373));
#1375=FACE_BOUND('',#1374,.F.);
#1376=ADVANCED_FACE('',(#1365,#1375),#1355,.F.);
#1377=CARTESIAN_POINT('',(-1.47E-1,6.25E-2,1.25E-1));
#1378=DIRECTION('',(0.E0,0.E0,1.E0));
#1379=DIRECTION('',(0.E0,-1.E0,0.E0));
#1380=AXIS2_PLACEMENT_3D('',#1377,#1378,#1379);
#1381=PLANE('',#1380);
#1383=ORIENTED_EDGE('',*,*,#1382,.F.);
#1385=ORIENTED_EDGE('',*,*,#1384,.F.);
#1387=ORIENTED_EDGE('',*,*,#1386,.F.);
#1389=ORIENTED_EDGE('',*,*,#1388,.T.);
#1391=ORIENTED_EDGE('',*,*,#1390,.F.);
#1393=ORIENTED_EDGE('',*,*,#1392,.F.);
#1395=ORIENTED_EDGE('',*,*,#1394,.F.);
#1397=ORIENTED_EDGE('',*,*,#1396,.T.);
#1399=ORIENTED_EDGE('',*,*,#1398,.F.);
#1401=ORIENTED_EDGE('',*,*,#1400,.F.);
#1403=ORIENTED_EDGE('',*,*,#1402,.F.);
#1404=ORIENTED_EDGE('',*,*,#1356,.F.);
#1406=ORIENTED_EDGE('',*,*,#1405,.T.);
#1408=ORIENTED_EDGE('',*,*,#1407,.T.);
#1410=ORIENTED_EDGE('',*,*,#1409,.F.);
#1412=ORIENTED_EDGE('',*,*,#1411,.T.);
#1413=EDGE_LOOP('',(#1383,#1385,#1387,#1389,#1391,#1393,#1395,#1397,#1399,#1401,
#1403,#1404,#1406,#1408,#1410,#1412));
#1414=FACE_OUTER_BOUND('',#1413,.F.);
#1415=ADVANCED_FACE('',(#1414),#1381,.T.);
#1416=CARTESIAN_POINT('',(-1.47E-1,-3.75E-2,0.E0));
#1417=DIRECTION('',(0.E0,-1.E0,0.E0));
#1418=DIRECTION('',(1.E0,0.E0,0.E0));
#1419=AXIS2_PLACEMENT_3D('',#1416,#1417,#1418);
#1420=PLANE('',#1419);
#1421=ORIENTED_EDGE('',*,*,#1382,.T.);
#1423=ORIENTED_EDGE('',*,*,#1422,.F.);
#1425=ORIENTED_EDGE('',*,*,#1424,.F.);
#1427=ORIENTED_EDGE('',*,*,#1426,.F.);
#1428=EDGE_LOOP('',(#1421,#1423,#1425,#1427));
#1429=FACE_OUTER_BOUND('',#1428,.F.);
#1431=ORIENTED_EDGE('',*,*,#1430,.T.);
#1433=ORIENTED_EDGE('',*,*,#1432,.T.);
#1435=ORIENTED_EDGE('',*,*,#1434,.F.);
#1437=ORIENTED_EDGE('',*,*,#1436,.F.);
#1438=EDGE_LOOP('',(#1431,#1433,#1435,#1437));
#1439=FACE_BOUND('',#1438,.F.);
#1440=ADVANCED_FACE('',(#1429,#1439),#1420,.T.);
#1441=CARTESIAN_POINT('',(1.26E-1,-6.25E-2,-1.25E-1));
#1442=DIRECTION('',(1.E0,0.E0,0.E0));
#1443=DIRECTION('',(0.E0,0.E0,1.E0));
#1444=AXIS2_PLACEMENT_3D('',#1441,#1442,#1443);
#1445=PLANE('',#1444);
#1446=ORIENTED_EDGE('',*,*,#1411,.F.);
#1448=ORIENTED_EDGE('',*,*,#1447,.T.);
#1450=ORIENTED_EDGE('',*,*,#1449,.T.);
#1451=ORIENTED_EDGE('',*,*,#1422,.T.);
#1452=EDGE_LOOP('',(#1446,#1448,#1450,#1451));
#1453=FACE_OUTER_BOUND('',#1452,.F.);
#1454=ADVANCED_FACE('',(#1453),#1445,.F.);
#1455=CARTESIAN_POINT('',(-1.47E-1,-6.25E-2,1.25E-1));
#1456=DIRECTION('',(0.E0,-1.E0,0.E0));
#1457=DIRECTION('',(0.E0,0.E0,-1.E0));
#1458=AXIS2_PLACEMENT_3D('',#1455,#1456,#1457);
#1459=PLANE('',#1458);
#1461=ORIENTED_EDGE('',*,*,#1460,.T.);
#1463=ORIENTED_EDGE('',*,*,#1462,.F.);
#1464=ORIENTED_EDGE('',*,*,#1358,.F.);
#1465=ORIENTED_EDGE('',*,*,#1402,.T.);
#1466=EDGE_LOOP('',(#1461,#1463,#1464,#1465));
#1467=FACE_OUTER_BOUND('',#1466,.F.);
#1468=ADVANCED_FACE('',(#1467),#1459,.T.);
#1469=CARTESIAN_POINT('',(-1.47E-1,-6.25E-2,1.25E-1));
#1470=DIRECTION('',(0.E0,-1.E0,0.E0));
#1471=DIRECTION('',(0.E0,0.E0,-1.E0));
#1472=AXIS2_PLACEMENT_3D('',#1469,#1470,#1471);
#1473=PLANE('',#1472);
#1475=ORIENTED_EDGE('',*,*,#1474,.T.);
#1477=ORIENTED_EDGE('',*,*,#1476,.F.);
#1479=ORIENTED_EDGE('',*,*,#1478,.F.);
#1480=ORIENTED_EDGE('',*,*,#1394,.T.);
#1481=EDGE_LOOP('',(#1475,#1477,#1479,#1480));
#1482=FACE_OUTER_BOUND('',#1481,.F.);
#1483=ADVANCED_FACE('',(#1482),#1473,.T.);
#1484=CARTESIAN_POINT('',(-1.47E-1,-6.25E-2,1.25E-1));
#1485=DIRECTION('',(0.E0,-1.E0,0.E0));
#1486=DIRECTION('',(0.E0,0.E0,-1.E0));
#1487=AXIS2_PLACEMENT_3D('',#1484,#1485,#1486);
#1488=PLANE('',#1487);
#1490=ORIENTED_EDGE('',*,*,#1489,.T.);
#1492=ORIENTED_EDGE('',*,*,#1491,.F.);
#1494=ORIENTED_EDGE('',*,*,#1493,.F.);
#1495=ORIENTED_EDGE('',*,*,#1386,.T.);
#1496=EDGE_LOOP('',(#1490,#1492,#1494,#1495));
#1497=FACE_OUTER_BOUND('',#1496,.F.);
#1498=ADVANCED_FACE('',(#1497),#1488,.T.);
#1499=CARTESIAN_POINT('',(-1.47E-1,-6.25E-2,1.25E-1));
#1500=DIRECTION('',(0.E0,-1.E0,0.E0));
#1501=DIRECTION('',(0.E0,0.E0,-1.E0));
#1502=AXIS2_PLACEMENT_3D('',#1499,#1500,#1501);
#1503=PLANE('',#1502);
#1504=ORIENTED_EDGE('',*,*,#1447,.F.);
#1505=ORIENTED_EDGE('',*,*,#1409,.T.);
#1507=ORIENTED_EDGE('',*,*,#1506,.T.);
#1509=ORIENTED_EDGE('',*,*,#1508,.F.);
#1510=EDGE_LOOP('',(#1504,#1505,#1507,#1509));
#1511=FACE_OUTER_BOUND('',#1510,.F.);
#1512=ADVANCED_FACE('',(#1511),#1503,.T.);
#1513=CARTESIAN_POINT('',(-1.26E-1,-6.25E-2,1.25E-1));
#1514=DIRECTION('',(-1.E0,0.E0,0.E0));
#1515=DIRECTION('',(0.E0,0.E0,-1.E0));
#1516=AXIS2_PLACEMENT_3D('',#1513,#1514,#1515);
#1517=PLANE('',#1516);
#1518=ORIENTED_EDGE('',*,*,#1400,.T.);
#1520=ORIENTED_EDGE('',*,*,#1519,.T.);
#1522=ORIENTED_EDGE('',*,*,#1521,.F.);
#1523=ORIENTED_EDGE('',*,*,#1460,.F.);
#1524=EDGE_LOOP('',(#1518,#1520,#1522,#1523));
#1525=FACE_OUTER_BOUND('',#1524,.F.);
#1526=ADVANCED_FACE('',(#1525),#1517,.F.);
#1527=CARTESIAN_POINT('',(-1.47E-1,-3.75E-2,0.E0));
#1528=DIRECTION('',(0.E0,-1.E0,0.E0));
#1529=DIRECTION('',(1.E0,0.E0,0.E0));
#1530=AXIS2_PLACEMENT_3D('',#1527,#1528,#1529);
#1531=PLANE('',#1530);
#1532=ORIENTED_EDGE('',*,*,#1398,.T.);
#1534=ORIENTED_EDGE('',*,*,#1533,.F.);
#1536=ORIENTED_EDGE('',*,*,#1535,.F.);
#1537=ORIENTED_EDGE('',*,*,#1519,.F.);
#1538=EDGE_LOOP('',(#1532,#1534,#1536,#1537));
#1539=FACE_OUTER_BOUND('',#1538,.F.);
#1541=ORIENTED_EDGE('',*,*,#1540,.T.);
#1543=ORIENTED_EDGE('',*,*,#1542,.T.);
#1545=ORIENTED_EDGE('',*,*,#1544,.F.);
#1547=ORIENTED_EDGE('',*,*,#1546,.F.);
#1548=EDGE_LOOP('',(#1541,#1543,#1545,#1547));
#1549=FACE_BOUND('',#1548,.F.);
#1550=ADVANCED_FACE('',(#1539,#1549),#1531,.T.);
#1551=CARTESIAN_POINT('',(-7.4E-2,-6.25E-2,-1.25E-1));
#1552=DIRECTION('',(1.E0,0.E0,0.E0));
#1553=DIRECTION('',(0.E0,0.E0,1.E0));
#1554=AXIS2_PLACEMENT_3D('',#1551,#1552,#1553);
#1555=PLANE('',#1554);
#1556=ORIENTED_EDGE('',*,*,#1396,.F.);
#1557=ORIENTED_EDGE('',*,*,#1478,.T.);
#1559=ORIENTED_EDGE('',*,*,#1558,.T.);
#1560=ORIENTED_EDGE('',*,*,#1533,.T.);
#1561=EDGE_LOOP('',(#1556,#1557,#1559,#1560));
#1562=FACE_OUTER_BOUND('',#1561,.F.);
#1563=ADVANCED_FACE('',(#1562),#1555,.F.);
#1564=CARTESIAN_POINT('',(-1.47E-1,-6.25E-2,-1.25E-1));
#1565=DIRECTION('',(0.E0,0.E0,-1.E0));
#1566=DIRECTION('',(0.E0,1.E0,0.E0));
#1567=AXIS2_PLACEMENT_3D('',#1564,#1565,#1566);
#1568=PLANE('',#1567);
#1569=ORIENTED_EDGE('',*,*,#1424,.T.);
#1570=ORIENTED_EDGE('',*,*,#1449,.F.);
#1571=ORIENTED_EDGE('',*,*,#1508,.T.);
#1573=ORIENTED_EDGE('',*,*,#1572,.T.);
#1575=ORIENTED_EDGE('',*,*,#1574,.F.);
#1577=ORIENTED_EDGE('',*,*,#1576,.T.);
#1579=ORIENTED_EDGE('',*,*,#1578,.F.);
#1581=ORIENTED_EDGE('',*,*,#1580,.F.);
#1583=ORIENTED_EDGE('',*,*,#1582,.F.);
#1584=ORIENTED_EDGE('',*,*,#1360,.F.);
#1585=ORIENTED_EDGE('',*,*,#1462,.T.);
#1586=ORIENTED_EDGE('',*,*,#1521,.T.);
#1587=ORIENTED_EDGE('',*,*,#1535,.T.);
#1588=ORIENTED_EDGE('',*,*,#1558,.F.);
#1589=ORIENTED_EDGE('',*,*,#1476,.T.);
#1591=ORIENTED_EDGE('',*,*,#1590,.T.);
#1593=ORIENTED_EDGE('',*,*,#1592,.T.);
#1595=ORIENTED_EDGE('',*,*,#1594,.F.);
#1596=ORIENTED_EDGE('',*,*,#1491,.T.);
#1598=ORIENTED_EDGE('',*,*,#1597,.T.);
#1599=EDGE_LOOP('',(#1569,#1570,#1571,#1573,#1575,#1577,#1579,#1581,#1583,#1584,
#1585,#1586,#1587,#1588,#1589,#1591,#1593,#1595,#1596,#1598));
#1600=FACE_OUTER_BOUND('',#1599,.F.);
#1601=ADVANCED_FACE('',(#1600),#1568,.T.);
#1602=CARTESIAN_POINT('',(1.47E-1,0.E0,0.E0));
#1603=DIRECTION('',(1.E0,0.E0,0.E0));
#1604=DIRECTION('',(0.E0,0.E0,-1.E0));
#1605=AXIS2_PLACEMENT_3D('',#1602,#1603,#1604);
#1606=PLANE('',#1605);
#1607=ORIENTED_EDGE('',*,*,#1407,.F.);
#1609=ORIENTED_EDGE('',*,*,#1608,.F.);
#1610=ORIENTED_EDGE('',*,*,#1572,.F.);
#1611=ORIENTED_EDGE('',*,*,#1506,.F.);
#1612=EDGE_LOOP('',(#1607,#1609,#1610,#1611));
#1613=FACE_OUTER_BOUND('',#1612,.F.);
#1615=ORIENTED_EDGE('',*,*,#1614,.F.);
#1617=ORIENTED_EDGE('',*,*,#1616,.T.);
#1619=ORIENTED_EDGE('',*,*,#1618,.F.);
#1621=ORIENTED_EDGE('',*,*,#1620,.T.);
#1622=EDGE_LOOP('',(#1615,#1617,#1619,#1621));
#1623=FACE_BOUND('',#1622,.F.);
#1624=ADVANCED_FACE('',(#1613,#1623),#1606,.T.);
#1625=CARTESIAN_POINT('',(-1.47E-1,6.25E-2,-1.25E-1));
#1626=DIRECTION('',(0.E0,1.E0,0.E0));
#1627=DIRECTION('',(0.E0,0.E0,1.E0));
#1628=AXIS2_PLACEMENT_3D('',#1625,#1626,#1627);
#1629=PLANE('',#1628);
#1631=ORIENTED_EDGE('',*,*,#1630,.T.);
#1633=ORIENTED_EDGE('',*,*,#1632,.T.);
#1635=ORIENTED_EDGE('',*,*,#1634,.F.);
#1636=ORIENTED_EDGE('',*,*,#1574,.T.);
#1637=ORIENTED_EDGE('',*,*,#1608,.T.);
#1638=ORIENTED_EDGE('',*,*,#1405,.F.);
#1639=ORIENTED_EDGE('',*,*,#1362,.F.);
#1640=ORIENTED_EDGE('',*,*,#1582,.T.);
#1641=EDGE_LOOP('',(#1631,#1633,#1635,#1636,#1637,#1638,#1639,#1640));
#1642=FACE_OUTER_BOUND('',#1641,.F.);
#1644=ORIENTED_EDGE('',*,*,#1643,.F.);
#1646=ORIENTED_EDGE('',*,*,#1645,.T.);
#1648=ORIENTED_EDGE('',*,*,#1647,.T.);
#1650=ORIENTED_EDGE('',*,*,#1649,.F.);
#1651=EDGE_LOOP('',(#1644,#1646,#1648,#1650));
#1652=FACE_BOUND('',#1651,.F.);
#1654=ORIENTED_EDGE('',*,*,#1653,.F.);
#1656=ORIENTED_EDGE('',*,*,#1655,.T.);
#1658=ORIENTED_EDGE('',*,*,#1657,.T.);
#1660=ORIENTED_EDGE('',*,*,#1659,.F.);
#1661=EDGE_LOOP('',(#1654,#1656,#1658,#1660));
#1662=FACE_BOUND('',#1661,.F.);
#1664=ORIENTED_EDGE('',*,*,#1663,.F.);
#1666=ORIENTED_EDGE('',*,*,#1665,.T.);
#1668=ORIENTED_EDGE('',*,*,#1667,.T.);
#1670=ORIENTED_EDGE('',*,*,#1669,.F.);
#1671=EDGE_LOOP('',(#1664,#1666,#1668,#1670));
#1672=FACE_BOUND('',#1671,.F.);
#1673=ADVANCED_FACE('',(#1642,#1652,#1662,#1672),#1629,.T.);
#1674=CARTESIAN_POINT('',(-1.E-1,0.E0,0.E0));
#1675=DIRECTION('',(1.E0,0.E0,0.E0));
#1676=DIRECTION('',(0.E0,0.E0,-1.E0));
#1677=AXIS2_PLACEMENT_3D('',#1674,#1675,#1676);
#1678=PLANE('',#1677);
#1679=ORIENTED_EDGE('',*,*,#1630,.F.);
#1680=ORIENTED_EDGE('',*,*,#1580,.T.);
#1682=ORIENTED_EDGE('',*,*,#1681,.T.);
#1684=ORIENTED_EDGE('',*,*,#1683,.T.);
#1686=ORIENTED_EDGE('',*,*,#1685,.T.);
#1688=ORIENTED_EDGE('',*,*,#1687,.T.);
#1690=ORIENTED_EDGE('',*,*,#1689,.T.);
#1692=ORIENTED_EDGE('',*,*,#1691,.T.);
#1693=EDGE_LOOP('',(#1679,#1680,#1682,#1684,#1686,#1688,#1690,#1692));
#1694=FACE_OUTER_BOUND('',#1693,.F.);
#1695=ADVANCED_FACE('',(#1694),#1678,.F.);
#1696=CARTESIAN_POINT('',(-1.E-1,2.595E-1,-1.25E-1));
#1697=DIRECTION('',(0.E0,1.E0,0.E0));
#1698=DIRECTION('',(0.E0,0.E0,1.E0));
#1699=AXIS2_PLACEMENT_3D('',#1696,#1697,#1698);
#1700=PLANE('',#1699);
#1702=ORIENTED_EDGE('',*,*,#1701,.F.);
#1704=ORIENTED_EDGE('',*,*,#1703,.F.);
#1705=ORIENTED_EDGE('',*,*,#1681,.F.);
#1706=ORIENTED_EDGE('',*,*,#1578,.T.);
#1708=ORIENTED_EDGE('',*,*,#1707,.T.);
#1710=ORIENTED_EDGE('',*,*,#1709,.F.);
#1712=ORIENTED_EDGE('',*,*,#1711,.T.);
#1714=ORIENTED_EDGE('',*,*,#1713,.F.);
#1715=EDGE_LOOP('',(#1702,#1704,#1705,#1706,#1708,#1710,#1712,#1714));
#1716=FACE_OUTER_BOUND('',#1715,.F.);
#1717=ADVANCED_FACE('',(#1716),#1700,.T.);
#1718=CARTESIAN_POINT('',(-9.E-2,0.E0,0.E0));
#1719=DIRECTION('',(1.E0,0.E0,0.E0));
#1720=DIRECTION('',(0.E0,0.E0,-1.E0));
#1721=AXIS2_PLACEMENT_3D('',#1718,#1719,#1720);
#1722=PLANE('',#1721);
#1723=ORIENTED_EDGE('',*,*,#1701,.T.);
#1725=ORIENTED_EDGE('',*,*,#1724,.T.);
#1727=ORIENTED_EDGE('',*,*,#1726,.T.);
#1729=ORIENTED_EDGE('',*,*,#1728,.T.);
#1731=ORIENTED_EDGE('',*,*,#1730,.T.);
#1733=ORIENTED_EDGE('',*,*,#1732,.T.);
#1735=ORIENTED_EDGE('',*,*,#1734,.T.);
#1737=ORIENTED_EDGE('',*,*,#1736,.T.);
#1739=ORIENTED_EDGE('',*,*,#1738,.T.);
#1741=ORIENTED_EDGE('',*,*,#1740,.T.);
#1743=ORIENTED_EDGE('',*,*,#1742,.T.);
#1745=ORIENTED_EDGE('',*,*,#1744,.T.);
#1747=ORIENTED_EDGE('',*,*,#1746,.T.);
#1748=EDGE_LOOP('',(#1723,#1725,#1727,#1729,#1731,#1733,#1735,#1737,#1739,#1741,
#1743,#1745,#1747));
#1749=FACE_OUTER_BOUND('',#1748,.F.);
#1750=ADVANCED_FACE('',(#1749),#1722,.F.);
#1751=CARTESIAN_POINT('',(-9.E-2,2.595E-1,-1.1E-1));
#1752=DIRECTION('',(0.E0,0.E0,-1.E0));
#1753=DIRECTION('',(0.E0,1.E0,0.E0));
#1754=AXIS2_PLACEMENT_3D('',#1751,#1752,#1753);
#1755=PLANE('',#1754);
#1756=ORIENTED_EDGE('',*,*,#1713,.T.);
#1758=ORIENTED_EDGE('',*,*,#1757,.T.);
#1760=ORIENTED_EDGE('',*,*,#1759,.F.);
#1761=ORIENTED_EDGE('',*,*,#1724,.F.);
#1762=EDGE_LOOP('',(#1756,#1758,#1760,#1761));
#1763=FACE_OUTER_BOUND('',#1762,.F.);
#1764=ADVANCED_FACE('',(#1763),#1755,.T.);
#1765=CARTESIAN_POINT('',(9.E-2,0.E0,0.E0));
#1766=DIRECTION('',(1.E0,0.E0,0.E0));
#1767=DIRECTION('',(0.E0,0.E0,-1.E0));
#1768=AXIS2_PLACEMENT_3D('',#1765,#1766,#1767);
#1769=PLANE('',#1768);
#1770=ORIENTED_EDGE('',*,*,#1711,.F.);
#1772=ORIENTED_EDGE('',*,*,#1771,.F.);
#1774=ORIENTED_EDGE('',*,*,#1773,.F.);
#1776=ORIENTED_EDGE('',*,*,#1775,.F.);
#1778=ORIENTED_EDGE('',*,*,#1777,.F.);
#1780=ORIENTED_EDGE('',*,*,#1779,.F.);
#1782=ORIENTED_EDGE('',*,*,#1781,.F.);
#1784=ORIENTED_EDGE('',*,*,#1783,.F.);
#1786=ORIENTED_EDGE('',*,*,#1785,.F.);
#1788=ORIENTED_EDGE('',*,*,#1787,.F.);
#1790=ORIENTED_EDGE('',*,*,#1789,.F.);
#1792=ORIENTED_EDGE('',*,*,#1791,.F.);
#1793=ORIENTED_EDGE('',*,*,#1757,.F.);
#1794=EDGE_LOOP('',(#1770,#1772,#1774,#1776,#1778,#1780,#1782,#1784,#1786,#1788,
#1790,#1792,#1793));
#1795=FACE_OUTER_BOUND('',#1794,.F.);
#1796=ADVANCED_FACE('',(#1795),#1769,.T.);
#1797=CARTESIAN_POINT('',(-9.E-2,2.595E-1,-8.E-2));
#1798=DIRECTION('',(0.E0,-1.E0,0.E0));
#1799=DIRECTION('',(0.E0,0.E0,-1.E0));
#1800=AXIS2_PLACEMENT_3D('',#1797,#1798,#1799);
#1801=PLANE('',#1800);
#1803=ORIENTED_EDGE('',*,*,#1802,.F.);
#1804=ORIENTED_EDGE('',*,*,#1746,.F.);
#1806=ORIENTED_EDGE('',*,*,#1805,.T.);
#1807=ORIENTED_EDGE('',*,*,#1771,.T.);
#1808=EDGE_LOOP('',(#1803,#1804,#1806,#1807));
#1809=FACE_OUTER_BOUND('',#1808,.F.);
#1810=ADVANCED_FACE('',(#1809),#1801,.T.);
#1811=CARTESIAN_POINT('',(-1.E-1,2.595E-1,-9.2E-2));
#1812=DIRECTION('',(0.E0,7.071067811865E-1,7.071067811865E-1));
#1813=DIRECTION('',(0.E0,-7.071067811865E-1,7.071067811865E-1));
#1814=AXIS2_PLACEMENT_3D('',#1811,#1812,#1813);
#1815=PLANE('',#1814);
#1816=ORIENTED_EDGE('',*,*,#1802,.T.);
#1817=ORIENTED_EDGE('',*,*,#1709,.T.);
#1819=ORIENTED_EDGE('',*,*,#1818,.T.);
#1821=ORIENTED_EDGE('',*,*,#1820,.F.);
#1822=ORIENTED_EDGE('',*,*,#1683,.F.);
#1823=ORIENTED_EDGE('',*,*,#1703,.T.);
#1824=EDGE_LOOP('',(#1816,#1817,#1819,#1821,#1822,#1823));
#1825=FACE_OUTER_BOUND('',#1824,.F.);
#1826=ADVANCED_FACE('',(#1825),#1815,.T.);
#1827=CARTESIAN_POINT('',(1.E-1,0.E0,0.E0));
#1828=DIRECTION('',(1.E0,0.E0,0.E0));
#1829=DIRECTION('',(0.E0,0.E0,-1.E0));
#1830=AXIS2_PLACEMENT_3D('',#1827,#1828,#1829);
#1831=PLANE('',#1830);
#1832=ORIENTED_EDGE('',*,*,#1634,.T.);
#1834=ORIENTED_EDGE('',*,*,#1833,.F.);
#1836=ORIENTED_EDGE('',*,*,#1835,.F.);
#1838=ORIENTED_EDGE('',*,*,#1837,.F.);
#1840=ORIENTED_EDGE('',*,*,#1839,.F.);
#1841=ORIENTED_EDGE('',*,*,#1818,.F.);
#1842=ORIENTED_EDGE('',*,*,#1707,.F.);
#1843=ORIENTED_EDGE('',*,*,#1576,.F.);
#1844=EDGE_LOOP('',(#1832,#1834,#1836,#1838,#1840,#1841,#1842,#1843));
#1845=FACE_OUTER_BOUND('',#1844,.F.);
#1846=ADVANCED_FACE('',(#1845),#1831,.T.);
#1847=CARTESIAN_POINT('',(-1.E-1,7.85E-2,-7.6E-2));
#1848=DIRECTION('',(1.E0,0.E0,0.E0));
#1849=DIRECTION('',(0.E0,0.E0,-1.E0));
#1850=AXIS2_PLACEMENT_3D('',#1847,#1848,#1849);
#1851=CYLINDRICAL_SURFACE('',#1850,1.6E-2);
#1852=ORIENTED_EDGE('',*,*,#1632,.F.);
#1853=ORIENTED_EDGE('',*,*,#1691,.F.);
#1855=ORIENTED_EDGE('',*,*,#1854,.T.);
#1856=ORIENTED_EDGE('',*,*,#1833,.T.);
#1857=EDGE_LOOP('',(#1852,#1853,#1855,#1856));
#1858=FACE_OUTER_BOUND('',#1857,.F.);
#1859=ADVANCED_FACE('',(#1858),#1851,.F.);
#1860=CARTESIAN_POINT('',(-1.E-1,1.375E-1,-9.2E-2));
#1861=DIRECTION('',(0.E0,0.E0,1.E0));
#1862=DIRECTION('',(0.E0,-1.E0,0.E0));
#1863=AXIS2_PLACEMENT_3D('',#1860,#1861,#1862);
#1864=PLANE('',#1863);
#1865=ORIENTED_EDGE('',*,*,#1689,.F.);
#1867=ORIENTED_EDGE('',*,*,#1866,.T.);
#1868=ORIENTED_EDGE('',*,*,#1835,.T.);
#1869=ORIENTED_EDGE('',*,*,#1854,.F.);
#1870=EDGE_LOOP('',(#1865,#1867,#1868,#1869));
#1871=FACE_OUTER_BOUND('',#1870,.F.);
#1872=ADVANCED_FACE('',(#1871),#1864,.T.);
#1873=CARTESIAN_POINT('',(-1.E-1,1.965E-1,-5.8E-2));
#1874=DIRECTION('',(0.E0,-4.992986238792E-1,8.664299649668E-1));
#1875=DIRECTION('',(0.E0,-8.664299649668E-1,-4.992986238792E-1));
#1876=AXIS2_PLACEMENT_3D('',#1873,#1874,#1875);
#1877=PLANE('',#1876);
#1878=ORIENTED_EDGE('',*,*,#1687,.F.);
#1880=ORIENTED_EDGE('',*,*,#1879,.T.);
#1881=ORIENTED_EDGE('',*,*,#1837,.T.);
#1882=ORIENTED_EDGE('',*,*,#1866,.F.);
#1883=EDGE_LOOP('',(#1878,#1880,#1881,#1882));
#1884=FACE_OUTER_BOUND('',#1883,.F.);
#1885=ADVANCED_FACE('',(#1884),#1877,.T.);
#1886=CARTESIAN_POINT('',(-1.E-1,2.255E-1,-5.8E-2));
#1887=DIRECTION('',(0.E0,0.E0,1.E0));
#1888=DIRECTION('',(0.E0,-1.E0,0.E0));
#1889=AXIS2_PLACEMENT_3D('',#1886,#1887,#1888);
#1890=PLANE('',#1889);
#1891=ORIENTED_EDGE('',*,*,#1685,.F.);
#1892=ORIENTED_EDGE('',*,*,#1820,.T.);
#1893=ORIENTED_EDGE('',*,*,#1839,.T.);
#1894=ORIENTED_EDGE('',*,*,#1879,.F.);
#1895=EDGE_LOOP('',(#1891,#1892,#1893,#1894));
#1896=FACE_OUTER_BOUND('',#1895,.F.);
#1897=ADVANCED_FACE('',(#1896),#1890,.T.);
#1898=CARTESIAN_POINT('',(-9.E-2,3.815E-1,-8.E-2));
#1899=DIRECTION('',(0.E0,0.E0,1.E0));
#1900=DIRECTION('',(0.E0,-1.E0,0.E0));
#1901=AXIS2_PLACEMENT_3D('',#1898,#1899,#1900);
#1902=PLANE('',#1901);
#1903=ORIENTED_EDGE('',*,*,#1744,.F.);
#1905=ORIENTED_EDGE('',*,*,#1904,.T.);
#1906=ORIENTED_EDGE('',*,*,#1773,.T.);
#1907=ORIENTED_EDGE('',*,*,#1805,.F.);
#1908=EDGE_LOOP('',(#1903,#1905,#1906,#1907));
#1909=FACE_OUTER_BOUND('',#1908,.F.);
#1910=ADVANCED_FACE('',(#1909),#1902,.T.);
#1911=CARTESIAN_POINT('',(-9.E-2,3.815E-1,8.E-2));
#1912=DIRECTION('',(0.E0,-1.E0,0.E0));
#1913=DIRECTION('',(0.E0,0.E0,-1.E0));
#1914=AXIS2_PLACEMENT_3D('',#1911,#1912,#1913);
#1915=PLANE('',#1914);
#1916=ORIENTED_EDGE('',*,*,#1742,.F.);
#1918=ORIENTED_EDGE('',*,*,#1917,.T.);
#1919=ORIENTED_EDGE('',*,*,#1775,.T.);
#1920=ORIENTED_EDGE('',*,*,#1904,.F.);
#1921=EDGE_LOOP('',(#1916,#1918,#1919,#1920));
#1922=FACE_OUTER_BOUND('',#1921,.F.);
#1923=ADVANCED_FACE('',(#1922),#1915,.T.);
#1924=CARTESIAN_POINT('',(-9.E-2,1.515E-1,8.E-2));
#1925=DIRECTION('',(0.E0,0.E0,-1.E0));
#1926=DIRECTION('',(0.E0,1.E0,0.E0));
#1927=AXIS2_PLACEMENT_3D('',#1924,#1925,#1926);
#1928=PLANE('',#1927);
#1929=ORIENTED_EDGE('',*,*,#1740,.F.);
#1931=ORIENTED_EDGE('',*,*,#1930,.T.);
#1932=ORIENTED_EDGE('',*,*,#1777,.T.);
#1933=ORIENTED_EDGE('',*,*,#1917,.F.);
#1934=EDGE_LOOP('',(#1929,#1931,#1932,#1933));
#1935=FACE_OUTER_BOUND('',#1934,.F.);
#1936=ADVANCED_FACE('',(#1935),#1928,.T.);
#1937=CARTESIAN_POINT('',(-9.E-2,1.515E-1,1.1E-1));
#1938=DIRECTION('',(0.E0,-1.E0,0.E0));
#1939=DIRECTION('',(0.E0,0.E0,-1.E0));
#1940=AXIS2_PLACEMENT_3D('',#1937,#1938,#1939);
#1941=PLANE('',#1940);
#1942=ORIENTED_EDGE('',*,*,#1738,.F.);
#1944=ORIENTED_EDGE('',*,*,#1943,.T.);
#1945=ORIENTED_EDGE('',*,*,#1779,.T.);
#1946=ORIENTED_EDGE('',*,*,#1930,.F.);
#1947=EDGE_LOOP('',(#1942,#1944,#1945,#1946));
#1948=FACE_OUTER_BOUND('',#1947,.F.);
#1949=ADVANCED_FACE('',(#1948),#1941,.T.);
#1950=CARTESIAN_POINT('',(-9.E-2,3.815E-1,1.1E-1));
#1951=DIRECTION('',(0.E0,0.E0,1.E0));
#1952=DIRECTION('',(0.E0,-1.E0,0.E0));
#1953=AXIS2_PLACEMENT_3D('',#1950,#1951,#1952);
#1954=PLANE('',#1953);
#1955=ORIENTED_EDGE('',*,*,#1736,.F.);
#1957=ORIENTED_EDGE('',*,*,#1956,.T.);
#1958=ORIENTED_EDGE('',*,*,#1781,.T.);
#1959=ORIENTED_EDGE('',*,*,#1943,.F.);
#1960=EDGE_LOOP('',(#1955,#1957,#1958,#1959));
#1961=FACE_OUTER_BOUND('',#1960,.F.);
#1962=ADVANCED_FACE('',(#1961),#1954,.T.);
#1963=CARTESIAN_POINT('',(-9.E-2,3.815E-1,1.2E-1));
#1964=DIRECTION('',(0.E0,-1.E0,0.E0));
#1965=DIRECTION('',(0.E0,0.E0,-1.E0));
#1966=AXIS2_PLACEMENT_3D('',#1963,#1964,#1965);
#1967=PLANE('',#1966);
#1968=ORIENTED_EDGE('',*,*,#1734,.F.);
#1970=ORIENTED_EDGE('',*,*,#1969,.T.);
#1971=ORIENTED_EDGE('',*,*,#1783,.T.);
#1972=ORIENTED_EDGE('',*,*,#1956,.F.);
#1973=EDGE_LOOP('',(#1968,#1970,#1971,#1972));
#1974=FACE_OUTER_BOUND('',#1973,.F.);
#1975=ADVANCED_FACE('',(#1974),#1967,.T.);
#1976=CARTESIAN_POINT('',(-9.E-2,4.115E-1,1.2E-1));
#1977=DIRECTION('',(0.E0,0.E0,1.E0));
#1978=DIRECTION('',(0.E0,-1.E0,0.E0));
#1979=AXIS2_PLACEMENT_3D('',#1976,#1977,#1978);
#1980=PLANE('',#1979);
#1981=ORIENTED_EDGE('',*,*,#1732,.F.);
#1983=ORIENTED_EDGE('',*,*,#1982,.T.);
#1984=ORIENTED_EDGE('',*,*,#1785,.T.);
#1985=ORIENTED_EDGE('',*,*,#1969,.F.);
#1986=EDGE_LOOP('',(#1981,#1983,#1984,#1985));
#1987=FACE_OUTER_BOUND('',#1986,.F.);
#1988=ADVANCED_FACE('',(#1987),#1980,.T.);
#1989=CARTESIAN_POINT('',(-9.E-2,4.115E-1,-1.2E-1));
#1990=DIRECTION('',(0.E0,1.E0,0.E0));
#1991=DIRECTION('',(0.E0,0.E0,1.E0));
#1992=AXIS2_PLACEMENT_3D('',#1989,#1990,#1991);
#1993=PLANE('',#1992);
#1994=ORIENTED_EDGE('',*,*,#1730,.F.);
#1996=ORIENTED_EDGE('',*,*,#1995,.T.);
#1997=ORIENTED_EDGE('',*,*,#1787,.T.);
#1998=ORIENTED_EDGE('',*,*,#1982,.F.);
#1999=EDGE_LOOP('',(#1994,#1996,#1997,#1998));
#2000=FACE_OUTER_BOUND('',#1999,.F.);
#2001=ADVANCED_FACE('',(#2000),#1993,.T.);
#2002=CARTESIAN_POINT('',(-9.E-2,3.815E-1,-1.2E-1));
#2003=DIRECTION('',(0.E0,0.E0,-1.E0));
#2004=DIRECTION('',(0.E0,1.E0,0.E0));
#2005=AXIS2_PLACEMENT_3D('',#2002,#2003,#2004);
#2006=PLANE('',#2005);
#2007=ORIENTED_EDGE('',*,*,#1728,.F.);
#2009=ORIENTED_EDGE('',*,*,#2008,.T.);
#2010=ORIENTED_EDGE('',*,*,#1789,.T.);
#2011=ORIENTED_EDGE('',*,*,#1995,.F.);
#2012=EDGE_LOOP('',(#2007,#2009,#2010,#2011));
#2013=FACE_OUTER_BOUND('',#2012,.F.);
#2014=ADVANCED_FACE('',(#2013),#2006,.T.);
#2015=CARTESIAN_POINT('',(-9.E-2,3.815E-1,-1.1E-1));
#2016=DIRECTION('',(0.E0,-1.E0,0.E0));
#2017=DIRECTION('',(0.E0,0.E0,-1.E0));
#2018=AXIS2_PLACEMENT_3D('',#2015,#2016,#2017);
#2019=PLANE('',#2018);
#2020=ORIENTED_EDGE('',*,*,#1726,.F.);
#2021=ORIENTED_EDGE('',*,*,#1759,.T.);
#2022=ORIENTED_EDGE('',*,*,#1791,.T.);
#2023=ORIENTED_EDGE('',*,*,#2008,.F.);
#2024=EDGE_LOOP('',(#2020,#2021,#2022,#2023));
#2025=FACE_OUTER_BOUND('',#2024,.F.);
#2026=ADVANCED_FACE('',(#2025),#2019,.T.);
#2027=CARTESIAN_POINT('',(-1.13E-1,0.E0,0.E0));
#2028=DIRECTION('',(1.E0,0.E0,0.E0));
#2029=DIRECTION('',(0.E0,0.E0,-1.E0));
#2030=AXIS2_PLACEMENT_3D('',#2027,#2028,#2029);
#2031=PLANE('',#2030);
#2033=ORIENTED_EDGE('',*,*,#2032,.F.);
#2035=ORIENTED_EDGE('',*,*,#2034,.T.);
#2036=ORIENTED_EDGE('',*,*,#1643,.T.);
#2038=ORIENTED_EDGE('',*,*,#2037,.T.);
#2039=EDGE_LOOP('',(#2033,#2035,#2036,#2038));
#2040=FACE_OUTER_BOUND('',#2039,.F.);
#2041=ADVANCED_FACE('',(#2040),#2031,.F.);
#2042=CARTESIAN_POINT('',(-1.13E-1,0.E0,0.E0));
#2043=DIRECTION('',(1.E0,0.E0,0.E0));
#2044=DIRECTION('',(0.E0,0.E0,-1.E0));
#2045=AXIS2_PLACEMENT_3D('',#2042,#2043,#2044);
#2046=PLANE('',#2045);
#2048=ORIENTED_EDGE('',*,*,#2047,.F.);
#2050=ORIENTED_EDGE('',*,*,#2049,.T.);
#2051=ORIENTED_EDGE('',*,*,#1540,.F.);
#2053=ORIENTED_EDGE('',*,*,#2052,.T.);
#2054=EDGE_LOOP('',(#2048,#2050,#2051,#2053));
#2055=FACE_OUTER_BOUND('',#2054,.F.);
#2056=ADVANCED_FACE('',(#2055),#2046,.F.);
#2057=CARTESIAN_POINT('',(-1.09E-1,3.405E-1,-3.E-3));
#2058=DIRECTION('',(-9.662349396012E-1,2.576626505603E-1,0.E0));
#2059=DIRECTION('',(2.576626505603E-1,9.662349396012E-1,0.E0));
#2060=AXIS2_PLACEMENT_3D('',#2057,#2058,#2059);
#2061=PLANE('',#2060);
#2062=ORIENTED_EDGE('',*,*,#2032,.T.);
#2064=ORIENTED_EDGE('',*,*,#2063,.F.);
#2066=ORIENTED_EDGE('',*,*,#2065,.F.);
#2068=ORIENTED_EDGE('',*,*,#2067,.T.);
#2069=EDGE_LOOP('',(#2062,#2064,#2066,#2068));
#2070=FACE_OUTER_BOUND('',#2069,.F.);
#2071=ADVANCED_FACE('',(#2070),#2061,.T.);
#2072=CARTESIAN_POINT('',(-1.E-1,3.405E-1,-1.2E-2));
#2073=DIRECTION('',(0.E0,2.576626505603E-1,-9.662349396012E-1));
#2074=DIRECTION('',(0.E0,-9.662349396012E-1,-2.576626505603E-1));
#2075=AXIS2_PLACEMENT_3D('',#2072,#2073,#2074);
#2076=PLANE('',#2075);
#2078=ORIENTED_EDGE('',*,*,#2077,.F.);
#2080=ORIENTED_EDGE('',*,*,#2079,.F.);
#2082=ORIENTED_EDGE('',*,*,#2081,.T.);
#2083=ORIENTED_EDGE('',*,*,#2063,.T.);
#2084=EDGE_LOOP('',(#2078,#2080,#2082,#2083));
#2085=FACE_OUTER_BOUND('',#2084,.F.);
#2086=ADVANCED_FACE('',(#2085),#2076,.T.);
#2087=CARTESIAN_POINT('',(-1.13E-1,-1.545E-1,-1.6E-2));
#2088=DIRECTION('',(0.E0,0.E0,-1.E0));
#2089=DIRECTION('',(0.E0,1.E0,0.E0));
#2090=AXIS2_PLACEMENT_3D('',#2087,#2088,#2089);
#2091=PLANE('',#2090);
#2092=ORIENTED_EDGE('',*,*,#2077,.T.);
#2093=ORIENTED_EDGE('',*,*,#2037,.F.);
#2094=ORIENTED_EDGE('',*,*,#1649,.T.);
#2096=ORIENTED_EDGE('',*,*,#2095,.T.);
#2097=EDGE_LOOP('',(#2092,#2093,#2094,#2096));
#2098=FACE_OUTER_BOUND('',#2097,.F.);
#2099=ADVANCED_FACE('',(#2098),#2091,.T.);
#2100=CARTESIAN_POINT('',(-1.13E-1,-1.545E-1,-1.6E-2));
#2101=DIRECTION('',(0.E0,0.E0,-1.E0));
#2102=DIRECTION('',(0.E0,1.E0,0.E0));
#2103=AXIS2_PLACEMENT_3D('',#2100,#2101,#2102);
#2104=PLANE('',#2103);
#2106=ORIENTED_EDGE('',*,*,#2105,.F.);
#2108=ORIENTED_EDGE('',*,*,#2107,.T.);
#2109=ORIENTED_EDGE('',*,*,#1542,.F.);
#2110=ORIENTED_EDGE('',*,*,#2049,.F.);
#2111=EDGE_LOOP('',(#2106,#2108,#2109,#2110));
#2112=FACE_OUTER_BOUND('',#2111,.F.);
#2113=ADVANCED_FACE('',(#2112),#2104,.T.);
#2114=CARTESIAN_POINT('',(-8.7E-2,0.E0,0.E0));
#2115=DIRECTION('',(1.E0,0.E0,0.E0));
#2116=DIRECTION('',(0.E0,0.E0,-1.E0));
#2117=AXIS2_PLACEMENT_3D('',#2114,#2115,#2116);
#2118=PLANE('',#2117);
#2120=ORIENTED_EDGE('',*,*,#2119,.F.);
#2121=ORIENTED_EDGE('',*,*,#2095,.F.);
#2122=ORIENTED_EDGE('',*,*,#1647,.F.);
#2124=ORIENTED_EDGE('',*,*,#2123,.F.);
#2125=EDGE_LOOP('',(#2120,#2121,#2122,#2124));
#2126=FACE_OUTER_BOUND('',#2125,.F.);
#2127=ADVANCED_FACE('',(#2126),#2118,.T.);
#2128=CARTESIAN_POINT('',(-8.7E-2,0.E0,0.E0));
#2129=DIRECTION('',(1.E0,0.E0,0.E0));
#2130=DIRECTION('',(0.E0,0.E0,-1.E0));
#2131=AXIS2_PLACEMENT_3D('',#2128,#2129,#2130);
#2132=PLANE('',#2131);
#2134=ORIENTED_EDGE('',*,*,#2133,.F.);
#2136=ORIENTED_EDGE('',*,*,#2135,.F.);
#2137=ORIENTED_EDGE('',*,*,#1544,.T.);
#2138=ORIENTED_EDGE('',*,*,#2107,.F.);
#2139=EDGE_LOOP('',(#2134,#2136,#2137,#2138));
#2140=FACE_OUTER_BOUND('',#2139,.F.);
#2141=ADVANCED_FACE('',(#2140),#2132,.T.);
#2142=CARTESIAN_POINT('',(-9.1E-2,3.405E-1,-3.E-3));
#2143=DIRECTION('',(9.662349396012E-1,2.576626505603E-1,0.E0));
#2144=DIRECTION('',(-2.576626505603E-1,9.662349396012E-1,0.E0));
#2145=AXIS2_PLACEMENT_3D('',#2142,#2143,#2144);
#2146=PLANE('',#2145);
#2148=ORIENTED_EDGE('',*,*,#2147,.F.);
#2149=ORIENTED_EDGE('',*,*,#2079,.T.);
#2150=ORIENTED_EDGE('',*,*,#2119,.T.);
#2152=ORIENTED_EDGE('',*,*,#2151,.F.);
#2153=EDGE_LOOP('',(#2148,#2149,#2150,#2152));
#2154=FACE_OUTER_BOUND('',#2153,.F.);
#2155=ADVANCED_FACE('',(#2154),#2146,.T.);
#2156=CARTESIAN_POINT('',(-1.13E-1,3.555E-1,-1.6E-2));
#2157=DIRECTION('',(0.E0,1.E0,0.E0));
#2158=DIRECTION('',(0.E0,0.E0,1.E0));
#2159=AXIS2_PLACEMENT_3D('',#2156,#2157,#2158);
#2160=PLANE('',#2159);
#2162=ORIENTED_EDGE('',*,*,#2161,.T.);
#2163=ORIENTED_EDGE('',*,*,#2065,.T.);
#2164=ORIENTED_EDGE('',*,*,#2081,.F.);
#2165=ORIENTED_EDGE('',*,*,#2147,.T.);
#2166=EDGE_LOOP('',(#2162,#2163,#2164,#2165));
#2167=FACE_OUTER_BOUND('',#2166,.F.);
#2168=ADVANCED_FACE('',(#2167),#2160,.T.);
#2169=CARTESIAN_POINT('',(-1.E-1,3.405E-1,6.E-3));
#2170=DIRECTION('',(0.E0,2.576626505603E-1,9.662349396012E-1));
#2171=DIRECTION('',(0.E0,9.662349396012E-1,-2.576626505603E-1));
#2172=AXIS2_PLACEMENT_3D('',#2169,#2170,#2171);
#2173=PLANE('',#2172);
#2175=ORIENTED_EDGE('',*,*,#2174,.T.);
#2176=ORIENTED_EDGE('',*,*,#2067,.F.);
#2177=ORIENTED_EDGE('',*,*,#2161,.F.);
#2178=ORIENTED_EDGE('',*,*,#2151,.T.);
#2179=EDGE_LOOP('',(#2175,#2176,#2177,#2178));
#2180=FACE_OUTER_BOUND('',#2179,.F.);
#2181=ADVANCED_FACE('',(#2180),#2173,.T.);
#2182=CARTESIAN_POINT('',(-1.13E-1,3.555E-1,1.E-2));
#2183=DIRECTION('',(0.E0,0.E0,1.E0));
#2184=DIRECTION('',(0.E0,-1.E0,0.E0));
#2185=AXIS2_PLACEMENT_3D('',#2182,#2183,#2184);
#2186=PLANE('',#2185);
#2187=ORIENTED_EDGE('',*,*,#2174,.F.);
#2188=ORIENTED_EDGE('',*,*,#2123,.T.);
#2189=ORIENTED_EDGE('',*,*,#1645,.F.);
#2190=ORIENTED_EDGE('',*,*,#2034,.F.);
#2191=EDGE_LOOP('',(#2187,#2188,#2189,#2190));
#2192=FACE_OUTER_BOUND('',#2191,.F.);
#2193=ADVANCED_FACE('',(#2192),#2186,.T.);
#2194=CARTESIAN_POINT('',(-1.13E-1,3.555E-1,1.E-2));
#2195=DIRECTION('',(0.E0,0.E0,1.E0));
#2196=DIRECTION('',(0.E0,-1.E0,0.E0));
#2197=AXIS2_PLACEMENT_3D('',#2194,#2195,#2196);
#2198=PLANE('',#2197);
#2200=ORIENTED_EDGE('',*,*,#2199,.T.);
#2201=ORIENTED_EDGE('',*,*,#2052,.F.);
#2202=ORIENTED_EDGE('',*,*,#1546,.T.);
#2203=ORIENTED_EDGE('',*,*,#2135,.T.);
#2204=EDGE_LOOP('',(#2200,#2201,#2202,#2203));
#2205=FACE_OUTER_BOUND('',#2204,.F.);
#2206=ADVANCED_FACE('',(#2205),#2198,.T.);
#2207=CARTESIAN_POINT('',(-1.E-1,-1.395E-1,6.E-3));
#2208=DIRECTION('',(0.E0,-2.576626505603E-1,9.662349396012E-1));
#2209=DIRECTION('',(0.E0,9.662349396012E-1,2.576626505603E-1));
#2210=AXIS2_PLACEMENT_3D('',#2207,#2208,#2209);
#2211=PLANE('',#2210);
#2212=ORIENTED_EDGE('',*,*,#2199,.F.);
#2214=ORIENTED_EDGE('',*,*,#2213,.F.);
#2216=ORIENTED_EDGE('',*,*,#2215,.T.);
#2218=ORIENTED_EDGE('',*,*,#2217,.T.);
#2219=EDGE_LOOP('',(#2212,#2214,#2216,#2218));
#2220=FACE_OUTER_BOUND('',#2219,.F.);
#2221=ADVANCED_FACE('',(#2220),#2211,.T.);
#2222=CARTESIAN_POINT('',(-9.1E-2,-1.395E-1,-3.E-3));
#2223=DIRECTION('',(9.662349396012E-1,-2.576626505603E-1,0.E0));
#2224=DIRECTION('',(-2.576626505603E-1,-9.662349396012E-1,0.E0));
#2225=AXIS2_PLACEMENT_3D('',#2222,#2223,#2224);
#2226=PLANE('',#2225);
#2228=ORIENTED_EDGE('',*,*,#2227,.F.);
#2229=ORIENTED_EDGE('',*,*,#2213,.T.);
#2230=ORIENTED_EDGE('',*,*,#2133,.T.);
#2232=ORIENTED_EDGE('',*,*,#2231,.T.);
#2233=EDGE_LOOP('',(#2228,#2229,#2230,#2232));
#2234=FACE_OUTER_BOUND('',#2233,.F.);
#2235=ADVANCED_FACE('',(#2234),#2226,.T.);
#2236=CARTESIAN_POINT('',(-1.13E-1,-1.545E-1,1.E-2));
#2237=DIRECTION('',(0.E0,-1.E0,0.E0));
#2238=DIRECTION('',(0.E0,0.E0,-1.E0));
#2239=AXIS2_PLACEMENT_3D('',#2236,#2237,#2238);
#2240=PLANE('',#2239);
#2242=ORIENTED_EDGE('',*,*,#2241,.T.);
#2244=ORIENTED_EDGE('',*,*,#2243,.T.);
#2245=ORIENTED_EDGE('',*,*,#2215,.F.);
#2246=ORIENTED_EDGE('',*,*,#2227,.T.);
#2247=EDGE_LOOP('',(#2242,#2244,#2245,#2246));
#2248=FACE_OUTER_BOUND('',#2247,.F.);
#2249=ADVANCED_FACE('',(#2248),#2240,.T.);
#2250=CARTESIAN_POINT('',(-1.E-1,-1.395E-1,-1.2E-2));
#2251=DIRECTION('',(0.E0,-2.576626505603E-1,-9.662349396012E-1));
#2252=DIRECTION('',(0.E0,-9.662349396012E-1,2.576626505603E-1));
#2253=AXIS2_PLACEMENT_3D('',#2250,#2251,#2252);
#2254=PLANE('',#2253);
#2255=ORIENTED_EDGE('',*,*,#2105,.T.);
#2257=ORIENTED_EDGE('',*,*,#2256,.F.);
#2258=ORIENTED_EDGE('',*,*,#2241,.F.);
#2259=ORIENTED_EDGE('',*,*,#2231,.F.);
#2260=EDGE_LOOP('',(#2255,#2257,#2258,#2259));
#2261=FACE_OUTER_BOUND('',#2260,.F.);
#2262=ADVANCED_FACE('',(#2261),#2254,.T.);
#2263=CARTESIAN_POINT('',(-1.09E-1,-1.395E-1,-3.E-3));
#2264=DIRECTION('',(-9.662349396012E-1,-2.576626505603E-1,0.E0));
#2265=DIRECTION('',(2.576626505603E-1,-9.662349396012E-1,0.E0));
#2266=AXIS2_PLACEMENT_3D('',#2263,#2264,#2265);
#2267=PLANE('',#2266);
#2268=ORIENTED_EDGE('',*,*,#2047,.T.);
#2269=ORIENTED_EDGE('',*,*,#2217,.F.);
#2270=ORIENTED_EDGE('',*,*,#2243,.F.);
#2271=ORIENTED_EDGE('',*,*,#2256,.T.);
#2272=EDGE_LOOP('',(#2268,#2269,#2270,#2271));
#2273=FACE_OUTER_BOUND('',#2272,.F.);
#2274=ADVANCED_FACE('',(#2273),#2267,.T.);
#2275=CARTESIAN_POINT('',(-1.3E-2,0.E0,0.E0));
#2276=DIRECTION('',(1.E0,0.E0,0.E0));
#2277=DIRECTION('',(0.E0,0.E0,-1.E0));
#2278=AXIS2_PLACEMENT_3D('',#2275,#2276,#2277);
#2279=PLANE('',#2278);
#2281=ORIENTED_EDGE('',*,*,#2280,.F.);
#2283=ORIENTED_EDGE('',*,*,#2282,.T.);
#2284=ORIENTED_EDGE('',*,*,#1653,.T.);
#2286=ORIENTED_EDGE('',*,*,#2285,.T.);
#2287=EDGE_LOOP('',(#2281,#2283,#2284,#2286));
#2288=FACE_OUTER_BOUND('',#2287,.F.);
#2289=ADVANCED_FACE('',(#2288),#2279,.F.);
#2290=CARTESIAN_POINT('',(-1.3E-2,0.E0,0.E0));
#2291=DIRECTION('',(1.E0,0.E0,0.E0));
#2292=DIRECTION('',(0.E0,0.E0,-1.E0));
#2293=AXIS2_PLACEMENT_3D('',#2290,#2291,#2292);
#2294=PLANE('',#2293);
#2296=ORIENTED_EDGE('',*,*,#2295,.F.);
#2298=ORIENTED_EDGE('',*,*,#2297,.T.);
#2300=ORIENTED_EDGE('',*,*,#2299,.F.);
#2302=ORIENTED_EDGE('',*,*,#2301,.T.);
#2303=EDGE_LOOP('',(#2296,#2298,#2300,#2302));
#2304=FACE_OUTER_BOUND('',#2303,.F.);
#2305=ADVANCED_FACE('',(#2304),#2294,.F.);
#2306=CARTESIAN_POINT('',(-9.E-3,3.405E-1,-3.E-3));
#2307=DIRECTION('',(-9.662349396012E-1,2.576626505603E-1,0.E0));
#2308=DIRECTION('',(2.576626505603E-1,9.662349396012E-1,0.E0));
#2309=AXIS2_PLACEMENT_3D('',#2306,#2307,#2308);
#2310=PLANE('',#2309);
#2311=ORIENTED_EDGE('',*,*,#2280,.T.);
#2313=ORIENTED_EDGE('',*,*,#2312,.F.);
#2315=ORIENTED_EDGE('',*,*,#2314,.F.);
#2317=ORIENTED_EDGE('',*,*,#2316,.T.);
#2318=EDGE_LOOP('',(#2311,#2313,#2315,#2317));
#2319=FACE_OUTER_BOUND('',#2318,.F.);
#2320=ADVANCED_FACE('',(#2319),#2310,.T.);
#2321=CARTESIAN_POINT('',(0.E0,3.405E-1,-1.2E-2));
#2322=DIRECTION('',(0.E0,2.576626505603E-1,-9.662349396012E-1));
#2323=DIRECTION('',(0.E0,-9.662349396012E-1,-2.576626505603E-1));
#2324=AXIS2_PLACEMENT_3D('',#2321,#2322,#2323);
#2325=PLANE('',#2324);
#2327=ORIENTED_EDGE('',*,*,#2326,.F.);
#2329=ORIENTED_EDGE('',*,*,#2328,.F.);
#2331=ORIENTED_EDGE('',*,*,#2330,.T.);
#2332=ORIENTED_EDGE('',*,*,#2312,.T.);
#2333=EDGE_LOOP('',(#2327,#2329,#2331,#2332));
#2334=FACE_OUTER_BOUND('',#2333,.F.);
#2335=ADVANCED_FACE('',(#2334),#2325,.T.);
#2336=CARTESIAN_POINT('',(-1.3E-2,-1.545E-1,-1.6E-2));
#2337=DIRECTION('',(0.E0,0.E0,-1.E0));
#2338=DIRECTION('',(0.E0,1.E0,0.E0));
#2339=AXIS2_PLACEMENT_3D('',#2336,#2337,#2338);
#2340=PLANE('',#2339);
#2341=ORIENTED_EDGE('',*,*,#2326,.T.);
#2342=ORIENTED_EDGE('',*,*,#2285,.F.);
#2343=ORIENTED_EDGE('',*,*,#1659,.T.);
#2345=ORIENTED_EDGE('',*,*,#2344,.T.);
#2346=EDGE_LOOP('',(#2341,#2342,#2343,#2345));
#2347=FACE_OUTER_BOUND('',#2346,.F.);
#2348=ADVANCED_FACE('',(#2347),#2340,.T.);
#2349=CARTESIAN_POINT('',(-1.3E-2,-1.545E-1,-1.6E-2));
#2350=DIRECTION('',(0.E0,0.E0,-1.E0));
#2351=DIRECTION('',(0.E0,1.E0,0.E0));
#2352=AXIS2_PLACEMENT_3D('',#2349,#2350,#2351);
#2353=PLANE('',#2352);
#2355=ORIENTED_EDGE('',*,*,#2354,.F.);
#2357=ORIENTED_EDGE('',*,*,#2356,.T.);
#2359=ORIENTED_EDGE('',*,*,#2358,.F.);
#2360=ORIENTED_EDGE('',*,*,#2297,.F.);
#2361=EDGE_LOOP('',(#2355,#2357,#2359,#2360));
#2362=FACE_OUTER_BOUND('',#2361,.F.);
#2363=ADVANCED_FACE('',(#2362),#2353,.T.);
#2364=CARTESIAN_POINT('',(1.3E-2,0.E0,0.E0));
#2365=DIRECTION('',(1.E0,0.E0,0.E0));
#2366=DIRECTION('',(0.E0,0.E0,-1.E0));
#2367=AXIS2_PLACEMENT_3D('',#2364,#2365,#2366);
#2368=PLANE('',#2367);
#2370=ORIENTED_EDGE('',*,*,#2369,.F.);
#2371=ORIENTED_EDGE('',*,*,#2344,.F.);
#2372=ORIENTED_EDGE('',*,*,#1657,.F.);
#2374=ORIENTED_EDGE('',*,*,#2373,.F.);
#2375=EDGE_LOOP('',(#2370,#2371,#2372,#2374));
#2376=FACE_OUTER_BOUND('',#2375,.F.);
#2377=ADVANCED_FACE('',(#2376),#2368,.T.);
#2378=CARTESIAN_POINT('',(1.3E-2,0.E0,0.E0));
#2379=DIRECTION('',(1.E0,0.E0,0.E0));
#2380=DIRECTION('',(0.E0,0.E0,-1.E0));
#2381=AXIS2_PLACEMENT_3D('',#2378,#2379,#2380);
#2382=PLANE('',#2381);
#2384=ORIENTED_EDGE('',*,*,#2383,.F.);
#2386=ORIENTED_EDGE('',*,*,#2385,.F.);
#2388=ORIENTED_EDGE('',*,*,#2387,.T.);
#2389=ORIENTED_EDGE('',*,*,#2356,.F.);
#2390=EDGE_LOOP('',(#2384,#2386,#2388,#2389));
#2391=FACE_OUTER_BOUND('',#2390,.F.);
#2392=ADVANCED_FACE('',(#2391),#2382,.T.);
#2393=CARTESIAN_POINT('',(9.E-3,3.405E-1,-3.E-3));
#2394=DIRECTION('',(9.662349396012E-1,2.576626505603E-1,0.E0));
#2395=DIRECTION('',(-2.576626505603E-1,9.662349396012E-1,0.E0));
#2396=AXIS2_PLACEMENT_3D('',#2393,#2394,#2395);
#2397=PLANE('',#2396);
#2399=ORIENTED_EDGE('',*,*,#2398,.F.);
#2400=ORIENTED_EDGE('',*,*,#2328,.T.);
#2401=ORIENTED_EDGE('',*,*,#2369,.T.);
#2403=ORIENTED_EDGE('',*,*,#2402,.F.);
#2404=EDGE_LOOP('',(#2399,#2400,#2401,#2403));
#2405=FACE_OUTER_BOUND('',#2404,.F.);
#2406=ADVANCED_FACE('',(#2405),#2397,.T.);
#2407=CARTESIAN_POINT('',(-1.3E-2,3.555E-1,-1.6E-2));
#2408=DIRECTION('',(0.E0,1.E0,0.E0));
#2409=DIRECTION('',(0.E0,0.E0,1.E0));
#2410=AXIS2_PLACEMENT_3D('',#2407,#2408,#2409);
#2411=PLANE('',#2410);
#2413=ORIENTED_EDGE('',*,*,#2412,.T.);
#2414=ORIENTED_EDGE('',*,*,#2314,.T.);
#2415=ORIENTED_EDGE('',*,*,#2330,.F.);
#2416=ORIENTED_EDGE('',*,*,#2398,.T.);
#2417=EDGE_LOOP('',(#2413,#2414,#2415,#2416));
#2418=FACE_OUTER_BOUND('',#2417,.F.);
#2419=ADVANCED_FACE('',(#2418),#2411,.T.);
#2420=CARTESIAN_POINT('',(0.E0,3.405E-1,6.E-3));
#2421=DIRECTION('',(0.E0,2.576626505603E-1,9.662349396012E-1));
#2422=DIRECTION('',(0.E0,9.662349396012E-1,-2.576626505603E-1));
#2423=AXIS2_PLACEMENT_3D('',#2420,#2421,#2422);
#2424=PLANE('',#2423);
#2426=ORIENTED_EDGE('',*,*,#2425,.T.);
#2427=ORIENTED_EDGE('',*,*,#2316,.F.);
#2428=ORIENTED_EDGE('',*,*,#2412,.F.);
#2429=ORIENTED_EDGE('',*,*,#2402,.T.);
#2430=EDGE_LOOP('',(#2426,#2427,#2428,#2429));
#2431=FACE_OUTER_BOUND('',#2430,.F.);
#2432=ADVANCED_FACE('',(#2431),#2424,.T.);
#2433=CARTESIAN_POINT('',(-1.3E-2,3.555E-1,1.E-2));
#2434=DIRECTION('',(0.E0,0.E0,1.E0));
#2435=DIRECTION('',(0.E0,-1.E0,0.E0));
#2436=AXIS2_PLACEMENT_3D('',#2433,#2434,#2435);
#2437=PLANE('',#2436);
#2438=ORIENTED_EDGE('',*,*,#2425,.F.);
#2439=ORIENTED_EDGE('',*,*,#2373,.T.);
#2440=ORIENTED_EDGE('',*,*,#1655,.F.);
#2441=ORIENTED_EDGE('',*,*,#2282,.F.);
#2442=EDGE_LOOP('',(#2438,#2439,#2440,#2441));
#2443=FACE_OUTER_BOUND('',#2442,.F.);
#2444=ADVANCED_FACE('',(#2443),#2437,.T.);
#2445=CARTESIAN_POINT('',(-1.3E-2,3.555E-1,1.E-2));
#2446=DIRECTION('',(0.E0,0.E0,1.E0));
#2447=DIRECTION('',(0.E0,-1.E0,0.E0));
#2448=AXIS2_PLACEMENT_3D('',#2445,#2446,#2447);
#2449=PLANE('',#2448);
#2451=ORIENTED_EDGE('',*,*,#2450,.T.);
#2452=ORIENTED_EDGE('',*,*,#2301,.F.);
#2454=ORIENTED_EDGE('',*,*,#2453,.T.);
#2455=ORIENTED_EDGE('',*,*,#2385,.T.);
#2456=EDGE_LOOP('',(#2451,#2452,#2454,#2455));
#2457=FACE_OUTER_BOUND('',#2456,.F.);
#2458=ADVANCED_FACE('',(#2457),#2449,.T.);
#2459=CARTESIAN_POINT('',(0.E0,-1.395E-1,6.E-3));
#2460=DIRECTION('',(0.E0,-2.576626505603E-1,9.662349396012E-1));
#2461=DIRECTION('',(0.E0,9.662349396012E-1,2.576626505603E-1));
#2462=AXIS2_PLACEMENT_3D('',#2459,#2460,#2461);
#2463=PLANE('',#2462);
#2464=ORIENTED_EDGE('',*,*,#2450,.F.);
#2466=ORIENTED_EDGE('',*,*,#2465,.F.);
#2468=ORIENTED_EDGE('',*,*,#2467,.T.);
#2470=ORIENTED_EDGE('',*,*,#2469,.T.);
#2471=EDGE_LOOP('',(#2464,#2466,#2468,#2470));
#2472=FACE_OUTER_BOUND('',#2471,.F.);
#2473=ADVANCED_FACE('',(#2472),#2463,.T.);
#2474=CARTESIAN_POINT('',(9.E-3,-1.395E-1,-3.E-3));
#2475=DIRECTION('',(9.662349396012E-1,-2.576626505603E-1,0.E0));
#2476=DIRECTION('',(-2.576626505603E-1,-9.662349396012E-1,0.E0));
#2477=AXIS2_PLACEMENT_3D('',#2474,#2475,#2476);
#2478=PLANE('',#2477);
#2480=ORIENTED_EDGE('',*,*,#2479,.F.);
#2481=ORIENTED_EDGE('',*,*,#2465,.T.);
#2482=ORIENTED_EDGE('',*,*,#2383,.T.);
#2484=ORIENTED_EDGE('',*,*,#2483,.T.);
#2485=EDGE_LOOP('',(#2480,#2481,#2482,#2484));
#2486=FACE_OUTER_BOUND('',#2485,.F.);
#2487=ADVANCED_FACE('',(#2486),#2478,.T.);
#2488=CARTESIAN_POINT('',(-1.3E-2,-1.545E-1,1.E-2));
#2489=DIRECTION('',(0.E0,-1.E0,0.E0));
#2490=DIRECTION('',(0.E0,0.E0,-1.E0));
#2491=AXIS2_PLACEMENT_3D('',#2488,#2489,#2490);
#2492=PLANE('',#2491);
#2494=ORIENTED_EDGE('',*,*,#2493,.T.);
#2496=ORIENTED_EDGE('',*,*,#2495,.T.);
#2497=ORIENTED_EDGE('',*,*,#2467,.F.);
#2498=ORIENTED_EDGE('',*,*,#2479,.T.);
#2499=EDGE_LOOP('',(#2494,#2496,#2497,#2498));
#2500=FACE_OUTER_BOUND('',#2499,.F.);
#2501=ADVANCED_FACE('',(#2500),#2492,.T.);
#2502=CARTESIAN_POINT('',(0.E0,-1.395E-1,-1.2E-2));
#2503=DIRECTION('',(0.E0,-2.576626505603E-1,-9.662349396012E-1));
#2504=DIRECTION('',(0.E0,-9.662349396012E-1,2.576626505603E-1));
#2505=AXIS2_PLACEMENT_3D('',#2502,#2503,#2504);
#2506=PLANE('',#2505);
#2507=ORIENTED_EDGE('',*,*,#2354,.T.);
#2509=ORIENTED_EDGE('',*,*,#2508,.F.);
#2510=ORIENTED_EDGE('',*,*,#2493,.F.);
#2511=ORIENTED_EDGE('',*,*,#2483,.F.);
#2512=EDGE_LOOP('',(#2507,#2509,#2510,#2511));
#2513=FACE_OUTER_BOUND('',#2512,.F.);
#2514=ADVANCED_FACE('',(#2513),#2506,.T.);
#2515=CARTESIAN_POINT('',(-9.E-3,-1.395E-1,-3.E-3));
#2516=DIRECTION('',(-9.662349396012E-1,-2.576626505603E-1,0.E0));
#2517=DIRECTION('',(2.576626505603E-1,-9.662349396012E-1,0.E0));
#2518=AXIS2_PLACEMENT_3D('',#2515,#2516,#2517);
#2519=PLANE('',#2518);
#2520=ORIENTED_EDGE('',*,*,#2295,.T.);
#2521=ORIENTED_EDGE('',*,*,#2469,.F.);
#2522=ORIENTED_EDGE('',*,*,#2495,.F.);
#2523=ORIENTED_EDGE('',*,*,#2508,.T.);
#2524=EDGE_LOOP('',(#2520,#2521,#2522,#2523));
#2525=FACE_OUTER_BOUND('',#2524,.F.);
#2526=ADVANCED_FACE('',(#2525),#2519,.T.);
#2527=CARTESIAN_POINT('',(-1.47E-1,-3.75E-2,0.E0));
#2528=DIRECTION('',(0.E0,-1.E0,0.E0));
#2529=DIRECTION('',(1.E0,0.E0,0.E0));
#2530=AXIS2_PLACEMENT_3D('',#2527,#2528,#2529);
#2531=PLANE('',#2530);
#2532=ORIENTED_EDGE('',*,*,#1390,.T.);
#2534=ORIENTED_EDGE('',*,*,#2533,.F.);
#2535=ORIENTED_EDGE('',*,*,#1592,.F.);
#2537=ORIENTED_EDGE('',*,*,#2536,.F.);
#2538=EDGE_LOOP('',(#2532,#2534,#2535,#2537));
#2539=FACE_OUTER_BOUND('',#2538,.F.);
#2540=ORIENTED_EDGE('',*,*,#2299,.T.);
#2541=ORIENTED_EDGE('',*,*,#2358,.T.);
#2542=ORIENTED_EDGE('',*,*,#2387,.F.);
#2543=ORIENTED_EDGE('',*,*,#2453,.F.);
#2544=EDGE_LOOP('',(#2540,#2541,#2542,#2543));
#2545=FACE_BOUND('',#2544,.F.);
#2546=ADVANCED_FACE('',(#2539,#2545),#2531,.T.);
#2547=CARTESIAN_POINT('',(2.6E-2,-6.25E-2,-1.25E-1));
#2548=DIRECTION('',(1.E0,0.E0,0.E0));
#2549=DIRECTION('',(0.E0,0.E0,1.E0));
#2550=AXIS2_PLACEMENT_3D('',#2547,#2548,#2549);
#2551=PLANE('',#2550);
#2552=ORIENTED_EDGE('',*,*,#1388,.F.);
#2553=ORIENTED_EDGE('',*,*,#1493,.T.);
#2554=ORIENTED_EDGE('',*,*,#1594,.T.);
#2555=ORIENTED_EDGE('',*,*,#2533,.T.);
#2556=EDGE_LOOP('',(#2552,#2553,#2554,#2555));
#2557=FACE_OUTER_BOUND('',#2556,.F.);
#2558=ADVANCED_FACE('',(#2557),#2551,.F.);
#2559=CARTESIAN_POINT('',(-2.6E-2,-6.25E-2,1.25E-1));
#2560=DIRECTION('',(-1.E0,0.E0,0.E0));
#2561=DIRECTION('',(0.E0,0.E0,-1.E0));
#2562=AXIS2_PLACEMENT_3D('',#2559,#2560,#2561);
#2563=PLANE('',#2562);
#2564=ORIENTED_EDGE('',*,*,#1392,.T.);
#2565=ORIENTED_EDGE('',*,*,#2536,.T.);
#2566=ORIENTED_EDGE('',*,*,#1590,.F.);
#2567=ORIENTED_EDGE('',*,*,#1474,.F.);
#2568=EDGE_LOOP('',(#2564,#2565,#2566,#2567));
#2569=FACE_OUTER_BOUND('',#2568,.F.);
#2570=ADVANCED_FACE('',(#2569),#2563,.F.);
#2571=CARTESIAN_POINT('',(8.7E-2,0.E0,0.E0));
#2572=DIRECTION('',(1.E0,0.E0,0.E0));
#2573=DIRECTION('',(0.E0,0.E0,-1.E0));
#2574=AXIS2_PLACEMENT_3D('',#2571,#2572,#2573);
#2575=PLANE('',#2574);
#2577=ORIENTED_EDGE('',*,*,#2576,.F.);
#2579=ORIENTED_EDGE('',*,*,#2578,.T.);
#2580=ORIENTED_EDGE('',*,*,#1663,.T.);
#2582=ORIENTED_EDGE('',*,*,#2581,.T.);
#2583=EDGE_LOOP('',(#2577,#2579,#2580,#2582));
#2584=FACE_OUTER_BOUND('',#2583,.F.);
#2585=ADVANCED_FACE('',(#2584),#2575,.F.);
#2586=CARTESIAN_POINT('',(8.7E-2,0.E0,0.E0));
#2587=DIRECTION('',(1.E0,0.E0,0.E0));
#2588=DIRECTION('',(0.E0,0.E0,-1.E0));
#2589=AXIS2_PLACEMENT_3D('',#2586,#2587,#2588);
#2590=PLANE('',#2589);
#2592=ORIENTED_EDGE('',*,*,#2591,.F.);
#2594=ORIENTED_EDGE('',*,*,#2593,.T.);
#2595=ORIENTED_EDGE('',*,*,#1430,.F.);
#2597=ORIENTED_EDGE('',*,*,#2596,.T.);
#2598=EDGE_LOOP('',(#2592,#2594,#2595,#2597));
#2599=FACE_OUTER_BOUND('',#2598,.F.);
#2600=ADVANCED_FACE('',(#2599),#2590,.F.);
#2601=CARTESIAN_POINT('',(9.1E-2,3.405E-1,-3.E-3));
#2602=DIRECTION('',(-9.662349396012E-1,2.576626505603E-1,0.E0));
#2603=DIRECTION('',(2.576626505603E-1,9.662349396012E-1,0.E0));
#2604=AXIS2_PLACEMENT_3D('',#2601,#2602,#2603);
#2605=PLANE('',#2604);
#2606=ORIENTED_EDGE('',*,*,#2576,.T.);
#2608=ORIENTED_EDGE('',*,*,#2607,.F.);
#2610=ORIENTED_EDGE('',*,*,#2609,.F.);
#2612=ORIENTED_EDGE('',*,*,#2611,.T.);
#2613=EDGE_LOOP('',(#2606,#2608,#2610,#2612));
#2614=FACE_OUTER_BOUND('',#2613,.F.);
#2615=ADVANCED_FACE('',(#2614),#2605,.T.);
#2616=CARTESIAN_POINT('',(1.E-1,3.405E-1,-1.2E-2));
#2617=DIRECTION('',(0.E0,2.576626505603E-1,-9.662349396012E-1));
#2618=DIRECTION('',(0.E0,-9.662349396012E-1,-2.576626505603E-1));
#2619=AXIS2_PLACEMENT_3D('',#2616,#2617,#2618);
#2620=PLANE('',#2619);
#2622=ORIENTED_EDGE('',*,*,#2621,.F.);
#2624=ORIENTED_EDGE('',*,*,#2623,.F.);
#2626=ORIENTED_EDGE('',*,*,#2625,.T.);
#2627=ORIENTED_EDGE('',*,*,#2607,.T.);
#2628=EDGE_LOOP('',(#2622,#2624,#2626,#2627));
#2629=FACE_OUTER_BOUND('',#2628,.F.);
#2630=ADVANCED_FACE('',(#2629),#2620,.T.);
#2631=CARTESIAN_POINT('',(8.7E-2,-1.545E-1,-1.6E-2));
#2632=DIRECTION('',(0.E0,0.E0,-1.E0));
#2633=DIRECTION('',(0.E0,1.E0,0.E0));
#2634=AXIS2_PLACEMENT_3D('',#2631,#2632,#2633);
#2635=PLANE('',#2634);
#2636=ORIENTED_EDGE('',*,*,#2621,.T.);
#2637=ORIENTED_EDGE('',*,*,#2581,.F.);
#2638=ORIENTED_EDGE('',*,*,#1669,.T.);
#2640=ORIENTED_EDGE('',*,*,#2639,.T.);
#2641=EDGE_LOOP('',(#2636,#2637,#2638,#2640));
#2642=FACE_OUTER_BOUND('',#2641,.F.);
#2643=ADVANCED_FACE('',(#2642),#2635,.T.);
#2644=CARTESIAN_POINT('',(8.7E-2,-1.545E-1,-1.6E-2));
#2645=DIRECTION('',(0.E0,0.E0,-1.E0));
#2646=DIRECTION('',(0.E0,1.E0,0.E0));
#2647=AXIS2_PLACEMENT_3D('',#2644,#2645,#2646);
#2648=PLANE('',#2647);
#2650=ORIENTED_EDGE('',*,*,#2649,.F.);
#2652=ORIENTED_EDGE('',*,*,#2651,.T.);
#2653=ORIENTED_EDGE('',*,*,#1432,.F.);
#2654=ORIENTED_EDGE('',*,*,#2593,.F.);
#2655=EDGE_LOOP('',(#2650,#2652,#2653,#2654));
#2656=FACE_OUTER_BOUND('',#2655,.F.);
#2657=ADVANCED_FACE('',(#2656),#2648,.T.);
#2658=CARTESIAN_POINT('',(1.13E-1,0.E0,0.E0));
#2659=DIRECTION('',(1.E0,0.E0,0.E0));
#2660=DIRECTION('',(0.E0,0.E0,-1.E0));
#2661=AXIS2_PLACEMENT_3D('',#2658,#2659,#2660);
#2662=PLANE('',#2661);
#2664=ORIENTED_EDGE('',*,*,#2663,.F.);
#2665=ORIENTED_EDGE('',*,*,#2639,.F.);
#2666=ORIENTED_EDGE('',*,*,#1667,.F.);
#2668=ORIENTED_EDGE('',*,*,#2667,.F.);
#2669=EDGE_LOOP('',(#2664,#2665,#2666,#2668));
#2670=FACE_OUTER_BOUND('',#2669,.F.);
#2671=ADVANCED_FACE('',(#2670),#2662,.T.);
#2672=CARTESIAN_POINT('',(1.13E-1,0.E0,0.E0));
#2673=DIRECTION('',(1.E0,0.E0,0.E0));
#2674=DIRECTION('',(0.E0,0.E0,-1.E0));
#2675=AXIS2_PLACEMENT_3D('',#2672,#2673,#2674);
#2676=PLANE('',#2675);
#2678=ORIENTED_EDGE('',*,*,#2677,.F.);
#2680=ORIENTED_EDGE('',*,*,#2679,.F.);
#2681=ORIENTED_EDGE('',*,*,#1434,.T.);
#2682=ORIENTED_EDGE('',*,*,#2651,.F.);
#2683=EDGE_LOOP('',(#2678,#2680,#2681,#2682));
#2684=FACE_OUTER_BOUND('',#2683,.F.);
#2685=ADVANCED_FACE('',(#2684),#2676,.T.);
#2686=CARTESIAN_POINT('',(1.09E-1,3.405E-1,-3.E-3));
#2687=DIRECTION('',(9.662349396012E-1,2.576626505603E-1,0.E0));
#2688=DIRECTION('',(-2.576626505603E-1,9.662349396012E-1,0.E0));
#2689=AXIS2_PLACEMENT_3D('',#2686,#2687,#2688);
#2690=PLANE('',#2689);
#2692=ORIENTED_EDGE('',*,*,#2691,.F.);
#2693=ORIENTED_EDGE('',*,*,#2623,.T.);
#2694=ORIENTED_EDGE('',*,*,#2663,.T.);
#2696=ORIENTED_EDGE('',*,*,#2695,.F.);
#2697=EDGE_LOOP('',(#2692,#2693,#2694,#2696));
#2698=FACE_OUTER_BOUND('',#2697,.F.);
#2699=ADVANCED_FACE('',(#2698),#2690,.T.);
#2700=CARTESIAN_POINT('',(8.7E-2,3.555E-1,-1.6E-2));
#2701=DIRECTION('',(0.E0,1.E0,0.E0));
#2702=DIRECTION('',(0.E0,0.E0,1.E0));
#2703=AXIS2_PLACEMENT_3D('',#2700,#2701,#2702);
#2704=PLANE('',#2703);
#2706=ORIENTED_EDGE('',*,*,#2705,.T.);
#2707=ORIENTED_EDGE('',*,*,#2609,.T.);
#2708=ORIENTED_EDGE('',*,*,#2625,.F.);
#2709=ORIENTED_EDGE('',*,*,#2691,.T.);
#2710=EDGE_LOOP('',(#2706,#2707,#2708,#2709));
#2711=FACE_OUTER_BOUND('',#2710,.F.);
#2712=ADVANCED_FACE('',(#2711),#2704,.T.);
#2713=CARTESIAN_POINT('',(1.E-1,3.405E-1,6.E-3));
#2714=DIRECTION('',(0.E0,2.576626505603E-1,9.662349396012E-1));
#2715=DIRECTION('',(0.E0,9.662349396012E-1,-2.576626505603E-1));
#2716=AXIS2_PLACEMENT_3D('',#2713,#2714,#2715);
#2717=PLANE('',#2716);
#2719=ORIENTED_EDGE('',*,*,#2718,.T.);
#2720=ORIENTED_EDGE('',*,*,#2611,.F.);
#2721=ORIENTED_EDGE('',*,*,#2705,.F.);
#2722=ORIENTED_EDGE('',*,*,#2695,.T.);
#2723=EDGE_LOOP('',(#2719,#2720,#2721,#2722));
#2724=FACE_OUTER_BOUND('',#2723,.F.);
#2725=ADVANCED_FACE('',(#2724),#2717,.T.);
#2726=CARTESIAN_POINT('',(8.7E-2,3.555E-1,1.E-2));
#2727=DIRECTION('',(0.E0,0.E0,1.E0));
#2728=DIRECTION('',(0.E0,-1.E0,0.E0));
#2729=AXIS2_PLACEMENT_3D('',#2726,#2727,#2728);
#2730=PLANE('',#2729);
#2731=ORIENTED_EDGE('',*,*,#2718,.F.);
#2732=ORIENTED_EDGE('',*,*,#2667,.T.);
#2733=ORIENTED_EDGE('',*,*,#1665,.F.);
#2734=ORIENTED_EDGE('',*,*,#2578,.F.);
#2735=EDGE_LOOP('',(#2731,#2732,#2733,#2734));
#2736=FACE_OUTER_BOUND('',#2735,.F.);
#2737=ADVANCED_FACE('',(#2736),#2730,.T.);
#2738=CARTESIAN_POINT('',(8.7E-2,3.555E-1,1.E-2));
#2739=DIRECTION('',(0.E0,0.E0,1.E0));
#2740=DIRECTION('',(0.E0,-1.E0,0.E0));
#2741=AXIS2_PLACEMENT_3D('',#2738,#2739,#2740);
#2742=PLANE('',#2741);
#2744=ORIENTED_EDGE('',*,*,#2743,.T.);
#2745=ORIENTED_EDGE('',*,*,#2596,.F.);
#2746=ORIENTED_EDGE('',*,*,#1436,.T.);
#2747=ORIENTED_EDGE('',*,*,#2679,.T.);
#2748=EDGE_LOOP('',(#2744,#2745,#2746,#2747));
#2749=FACE_OUTER_BOUND('',#2748,.F.);
#2750=ADVANCED_FACE('',(#2749),#2742,.T.);
#2751=CARTESIAN_POINT('',(1.E-1,-1.395E-1,6.E-3));
#2752=DIRECTION('',(0.E0,-2.576626505603E-1,9.662349396012E-1));
#2753=DIRECTION('',(0.E0,9.662349396012E-1,2.576626505603E-1));
#2754=AXIS2_PLACEMENT_3D('',#2751,#2752,#2753);
#2755=PLANE('',#2754);
#2756=ORIENTED_EDGE('',*,*,#2743,.F.);
#2758=ORIENTED_EDGE('',*,*,#2757,.F.);
#2760=ORIENTED_EDGE('',*,*,#2759,.T.);
#2762=ORIENTED_EDGE('',*,*,#2761,.T.);
#2763=EDGE_LOOP('',(#2756,#2758,#2760,#2762));
#2764=FACE_OUTER_BOUND('',#2763,.F.);
#2765=ADVANCED_FACE('',(#2764),#2755,.T.);
#2766=CARTESIAN_POINT('',(1.09E-1,-1.395E-1,-3.E-3));
#2767=DIRECTION('',(9.662349396012E-1,-2.576626505603E-1,0.E0));
#2768=DIRECTION('',(-2.576626505603E-1,-9.662349396012E-1,0.E0));
#2769=AXIS2_PLACEMENT_3D('',#2766,#2767,#2768);
#2770=PLANE('',#2769);
#2772=ORIENTED_EDGE('',*,*,#2771,.F.);
#2773=ORIENTED_EDGE('',*,*,#2757,.T.);
#2774=ORIENTED_EDGE('',*,*,#2677,.T.);
#2776=ORIENTED_EDGE('',*,*,#2775,.T.);
#2777=EDGE_LOOP('',(#2772,#2773,#2774,#2776));
#2778=FACE_OUTER_BOUND('',#2777,.F.);
#2779=ADVANCED_FACE('',(#2778),#2770,.T.);
#2780=CARTESIAN_POINT('',(8.7E-2,-1.545E-1,1.E-2));
#2781=DIRECTION('',(0.E0,-1.E0,0.E0));
#2782=DIRECTION('',(0.E0,0.E0,-1.E0));
#2783=AXIS2_PLACEMENT_3D('',#2780,#2781,#2782);
#2784=PLANE('',#2783);
#2786=ORIENTED_EDGE('',*,*,#2785,.T.);
#2788=ORIENTED_EDGE('',*,*,#2787,.T.);
#2789=ORIENTED_EDGE('',*,*,#2759,.F.);
#2790=ORIENTED_EDGE('',*,*,#2771,.T.);
#2791=EDGE_LOOP('',(#2786,#2788,#2789,#2790));
#2792=FACE_OUTER_BOUND('',#2791,.F.);
#2793=ADVANCED_FACE('',(#2792),#2784,.T.);
#2794=CARTESIAN_POINT('',(1.E-1,-1.395E-1,-1.2E-2));
#2795=DIRECTION('',(0.E0,-2.576626505603E-1,-9.662349396012E-1));
#2796=DIRECTION('',(0.E0,-9.662349396012E-1,2.576626505603E-1));
#2797=AXIS2_PLACEMENT_3D('',#2794,#2795,#2796);
#2798=PLANE('',#2797);
#2799=ORIENTED_EDGE('',*,*,#2649,.T.);
#2801=ORIENTED_EDGE('',*,*,#2800,.F.);
#2802=ORIENTED_EDGE('',*,*,#2785,.F.);
#2803=ORIENTED_EDGE('',*,*,#2775,.F.);
#2804=EDGE_LOOP('',(#2799,#2801,#2802,#2803));
#2805=FACE_OUTER_BOUND('',#2804,.F.);
#2806=ADVANCED_FACE('',(#2805),#2798,.T.);
#2807=CARTESIAN_POINT('',(9.1E-2,-1.395E-1,-3.E-3));
#2808=DIRECTION('',(-9.662349396012E-1,-2.576626505603E-1,0.E0));
#2809=DIRECTION('',(2.576626505603E-1,-9.662349396012E-1,0.E0));
#2810=AXIS2_PLACEMENT_3D('',#2807,#2808,#2809);
#2811=PLANE('',#2810);
#2812=ORIENTED_EDGE('',*,*,#2591,.T.);
#2813=ORIENTED_EDGE('',*,*,#2761,.F.);
#2814=ORIENTED_EDGE('',*,*,#2787,.F.);
#2815=ORIENTED_EDGE('',*,*,#2800,.T.);
#2816=EDGE_LOOP('',(#2812,#2813,#2814,#2815));
#2817=FACE_OUTER_BOUND('',#2816,.F.);
#2818=ADVANCED_FACE('',(#2817),#2811,.T.);
#2819=CARTESIAN_POINT('',(1.345E-1,2.4E-2,-9.999999999998E-4));
#2820=DIRECTION('',(5.623100214073E-1,-8.269265020695E-1,0.E0));
#2821=DIRECTION('',(-8.269265020695E-1,-5.623100214073E-1,0.E0));
#2822=AXIS2_PLACEMENT_3D('',#2819,#2820,#2821);
#2823=PLANE('',#2822);
#2825=ORIENTED_EDGE('',*,*,#2824,.T.);
#2827=ORIENTED_EDGE('',*,*,#2826,.F.);
#2829=ORIENTED_EDGE('',*,*,#2828,.T.);
#2830=ORIENTED_EDGE('',*,*,#1614,.T.);
#2831=EDGE_LOOP('',(#2825,#2827,#2829,#2830));
#2832=FACE_OUTER_BOUND('',#2831,.F.);
#2833=ADVANCED_FACE('',(#2832),#2823,.T.);
#2834=CARTESIAN_POINT('',(1.47E-1,-7.5E-3,-9.1E-2));
#2835=DIRECTION('',(0.E0,0.E0,-1.E0));
#2836=DIRECTION('',(0.E0,1.E0,0.E0));
#2837=AXIS2_PLACEMENT_3D('',#2834,#2835,#2836);
#2838=PLANE('',#2837);
#2839=ORIENTED_EDGE('',*,*,#2824,.F.);
#2840=ORIENTED_EDGE('',*,*,#1620,.F.);
#2842=ORIENTED_EDGE('',*,*,#2841,.F.);
#2844=ORIENTED_EDGE('',*,*,#2843,.T.);
#2845=EDGE_LOOP('',(#2839,#2840,#2842,#2844));
#2846=FACE_OUTER_BOUND('',#2845,.F.);
#2847=ADVANCED_FACE('',(#2846),#2838,.F.);
#2848=CARTESIAN_POINT('',(1.345E-1,1.E-3,-9.999999999999E-4));
#2849=DIRECTION('',(5.623100214073E-1,8.269265020695E-1,0.E0));
#2850=DIRECTION('',(-8.269265020695E-1,5.623100214073E-1,0.E0));
#2851=AXIS2_PLACEMENT_3D('',#2848,#2849,#2850);
#2852=PLANE('',#2851);
#2854=ORIENTED_EDGE('',*,*,#2853,.T.);
#2856=ORIENTED_EDGE('',*,*,#2855,.F.);
#2857=ORIENTED_EDGE('',*,*,#2841,.T.);
#2858=ORIENTED_EDGE('',*,*,#1618,.T.);
#2859=EDGE_LOOP('',(#2854,#2856,#2857,#2858));
#2860=FACE_OUTER_BOUND('',#2859,.F.);
#2861=ADVANCED_FACE('',(#2860),#2852,.T.);
#2862=CARTESIAN_POINT('',(1.47E-1,3.25E-2,8.9E-2));
#2863=DIRECTION('',(0.E0,0.E0,1.E0));
#2864=DIRECTION('',(0.E0,-1.E0,0.E0));
#2865=AXIS2_PLACEMENT_3D('',#2862,#2863,#2864);
#2866=PLANE('',#2865);
#2867=ORIENTED_EDGE('',*,*,#2828,.F.);
#2869=ORIENTED_EDGE('',*,*,#2868,.T.);
#2870=ORIENTED_EDGE('',*,*,#2853,.F.);
#2871=ORIENTED_EDGE('',*,*,#1616,.F.);
#2872=EDGE_LOOP('',(#2867,#2869,#2870,#2871));
#2873=FACE_OUTER_BOUND('',#2872,.F.);
#2874=ADVANCED_FACE('',(#2873),#2866,.F.);
#2875=CARTESIAN_POINT('',(1.22E-1,0.E0,0.E0));
#2876=DIRECTION('',(1.E0,0.E0,0.E0));
#2877=DIRECTION('',(0.E0,0.E0,-1.E0));
#2878=AXIS2_PLACEMENT_3D('',#2875,#2876,#2877);
#2879=PLANE('',#2878);
#2880=ORIENTED_EDGE('',*,*,#2826,.T.);
#2881=ORIENTED_EDGE('',*,*,#2843,.F.);
#2882=ORIENTED_EDGE('',*,*,#2855,.T.);
#2883=ORIENTED_EDGE('',*,*,#2868,.F.);
#2884=EDGE_LOOP('',(#2880,#2881,#2882,#2883));
#2885=FACE_OUTER_BOUND('',#2884,.F.);
#2886=ADVANCED_FACE('',(#2885),#2879,.T.);
#2887=CARTESIAN_POINT('',(7.4E-2,-6.25E-2,1.25E-1));
#2888=DIRECTION('',(-1.E0,0.E0,0.E0));
#2889=DIRECTION('',(0.E0,0.E0,-1.E0));
#2890=AXIS2_PLACEMENT_3D('',#2887,#2888,#2889);
#2891=PLANE('',#2890);
#2892=ORIENTED_EDGE('',*,*,#1384,.T.);
#2893=ORIENTED_EDGE('',*,*,#1426,.T.);
#2894=ORIENTED_EDGE('',*,*,#1597,.F.);
#2895=ORIENTED_EDGE('',*,*,#1489,.F.);
#2896=EDGE_LOOP('',(#2892,#2893,#2894,#2895));
#2897=FACE_OUTER_BOUND('',#2896,.F.);
#2898=ADVANCED_FACE('',(#2897),#2891,.F.);
#2899=CARTESIAN_POINT('',(-1.345E-1,2.4E-2,-9.999999999999E-4));
#2900=DIRECTION('',(-5.623100214073E-1,-8.269265020695E-1,0.E0));
#2901=DIRECTION('',(8.269265020695E-1,-5.623100214073E-1,0.E0));
#2902=AXIS2_PLACEMENT_3D('',#2899,#2900,#2901);
#2903=PLANE('',#2902);
#2905=ORIENTED_EDGE('',*,*,#2904,.T.);
#2907=ORIENTED_EDGE('',*,*,#2906,.F.);
#2909=ORIENTED_EDGE('',*,*,#2908,.T.);
#2910=ORIENTED_EDGE('',*,*,#1366,.T.);
#2911=EDGE_LOOP('',(#2905,#2907,#2909,#2910));
#2912=FACE_OUTER_BOUND('',#2911,.F.);
#2913=ADVANCED_FACE('',(#2912),#2903,.T.);
#2914=CARTESIAN_POINT('',(-1.47E-1,3.25E-2,8.9E-2));
#2915=DIRECTION('',(0.E0,0.E0,-1.E0));
#2916=DIRECTION('',(0.E0,-1.E0,0.E0));
#2917=AXIS2_PLACEMENT_3D('',#2914,#2915,#2916);
#2918=PLANE('',#2917);
#2919=ORIENTED_EDGE('',*,*,#2904,.F.);
#2920=ORIENTED_EDGE('',*,*,#1372,.T.);
#2922=ORIENTED_EDGE('',*,*,#2921,.F.);
#2924=ORIENTED_EDGE('',*,*,#2923,.F.);
#2925=EDGE_LOOP('',(#2919,#2920,#2922,#2924));
#2926=FACE_OUTER_BOUND('',#2925,.F.);
#2927=ADVANCED_FACE('',(#2926),#2918,.T.);
#2928=CARTESIAN_POINT('',(-1.345E-1,1.E-3,-9.999999999999E-4));
#2929=DIRECTION('',(-5.623100214073E-1,8.269265020695E-1,0.E0));
#2930=DIRECTION('',(8.269265020695E-1,5.623100214073E-1,0.E0));
#2931=AXIS2_PLACEMENT_3D('',#2928,#2929,#2930);
#2932=PLANE('',#2931);
#2934=ORIENTED_EDGE('',*,*,#2933,.T.);
#2936=ORIENTED_EDGE('',*,*,#2935,.F.);
#2937=ORIENTED_EDGE('',*,*,#2921,.T.);
#2938=ORIENTED_EDGE('',*,*,#1370,.T.);
#2939=EDGE_LOOP('',(#2934,#2936,#2937,#2938));
#2940=FACE_OUTER_BOUND('',#2939,.F.);
#2941=ADVANCED_FACE('',(#2940),#2932,.T.);
#2942=CARTESIAN_POINT('',(-1.47E-1,-7.5E-3,-9.1E-2));
#2943=DIRECTION('',(0.E0,0.E0,1.E0));
#2944=DIRECTION('',(0.E0,1.E0,0.E0));
#2945=AXIS2_PLACEMENT_3D('',#2942,#2943,#2944);
#2946=PLANE('',#2945);
#2947=ORIENTED_EDGE('',*,*,#2908,.F.);
#2949=ORIENTED_EDGE('',*,*,#2948,.F.);
#2950=ORIENTED_EDGE('',*,*,#2933,.F.);
#2951=ORIENTED_EDGE('',*,*,#1368,.T.);
#2952=EDGE_LOOP('',(#2947,#2949,#2950,#2951));
#2953=FACE_OUTER_BOUND('',#2952,.F.);
#2954=ADVANCED_FACE('',(#2953),#2946,.T.);
#2955=CARTESIAN_POINT('',(-1.22E-1,0.E0,0.E0));
#2956=DIRECTION('',(1.E0,0.E0,0.E0));
#2957=DIRECTION('',(0.E0,0.E0,-1.E0));
#2958=AXIS2_PLACEMENT_3D('',#2955,#2956,#2957);
#2959=PLANE('',#2958);
#2960=ORIENTED_EDGE('',*,*,#2906,.T.);
#2961=ORIENTED_EDGE('',*,*,#2923,.T.);
#2962=ORIENTED_EDGE('',*,*,#2935,.T.);
#2963=ORIENTED_EDGE('',*,*,#2948,.T.);
#2964=EDGE_LOOP('',(#2960,#2961,#2962,#2963));
#2965=FACE_OUTER_BOUND('',#2964,.F.);
#2966=ADVANCED_FACE('',(#2965),#2959,.F.);
#2967=CLOSED_SHELL('',(#1376,#1415,#1440,#1454,#1468,#1483,#1498,#1512,#1526,
#1550,#1563,#1601,#1624,#1673,#1695,#1717,#1750,#1764,#1796,#1810,#1826,#1846,
#1859,#1872,#1885,#1897,#1910,#1923,#1936,#1949,#1962,#1975,#1988,#2001,#2014,
#2026,#2041,#2056,#2071,#2086,#2099,#2113,#2127,#2141,#2155,#2168,#2181,#2193,
#2206,#2221,#2235,#2249,#2262,#2274,#2289,#2305,#2320,#2335,#2348,#2363,#2377,
#2392,#2406,#2419,#2432,#2444,#2458,#2473,#2487,#2501,#2514,#2526,#2546,#2558,
#2570,#2585,#2600,#2615,#2630,#2643,#2657,#2671,#2685,#2699,#2712,#2725,#2737,
#2750,#2765,#2779,#2793,#2806,#2818,#2833,#2847,#2861,#2874,#2886,#2898,#2913,
#2927,#2941,#2954,#2966));
#2968=MANIFOLD_SOLID_BREP('',#2967);
#2969=CARTESIAN_POINT('',(0.E0,0.E0,0.E0));
#2970=DIRECTION('',(0.E0,0.E0,1.E0));
#2971=DIRECTION('',(1.E0,0.E0,0.E0));
#2972=AXIS2_PLACEMENT_3D('CSYS',#2969,#2970,#2971);
#2973=CARTESIAN_POINT('',(-1.E-1,-6.25E-2,-3.E-3));
#2974=DIRECTION('',(0.E0,-1.E0,0.E0));
#2975=DIRECTION('',(1.E0,0.E0,0.E0));
#2976=AXIS2_PLACEMENT_3D('',#2973,#2974,#2975);
#2980=CARTESIAN_POINT('',(-1.E-1,-6.25E-2,-3.E-3));
#2981=DIRECTION('',(0.E0,-1.E0,0.E0));
#2982=DIRECTION('',(-1.E0,0.E0,0.E0));
#2983=AXIS2_PLACEMENT_3D('',#2980,#2981,#2982);
#2989=CARTESIAN_POINT('',(0.E0,-6.25E-2,-3.E-3));
#2990=DIRECTION('',(0.E0,-1.E0,0.E0));
#2991=DIRECTION('',(1.E0,0.E0,0.E0));
#2992=AXIS2_PLACEMENT_3D('',#2989,#2990,#2991);
#2996=CARTESIAN_POINT('',(0.E0,-6.25E-2,-3.E-3));
#2997=DIRECTION('',(0.E0,-1.E0,0.E0));
#2998=DIRECTION('',(-1.E0,0.E0,0.E0));
#2999=AXIS2_PLACEMENT_3D('',#2996,#2997,#2998);
#3004=CARTESIAN_POINT('',(1.E-1,-6.25E-2,-3.E-3));
#3005=DIRECTION('',(0.E0,-1.E0,0.E0));
#3006=DIRECTION('',(1.E0,0.E0,0.E0));
#3007=AXIS2_PLACEMENT_3D('',#3004,#3005,#3006);
#3011=CARTESIAN_POINT('',(1.E-1,-6.25E-2,-3.E-3));
#3012=DIRECTION('',(0.E0,-1.E0,0.E0));
#3013=DIRECTION('',(-1.E0,0.E0,0.E0));
#3014=AXIS2_PLACEMENT_3D('',#3011,#3012,#3013);
#3019=DIMENSIONAL_EXPONENTS(1.E0,0.E0,0.E0,0.E0,0.E0,0.E0,0.E0);
#3021=LENGTH_MEASURE_WITH_UNIT(LENGTH_MEASURE(2.54E1),#3020);
#3022=(CONVERSION_BASED_UNIT('INCH',#3021)LENGTH_UNIT()NAMED_UNIT(#3019));
#3023=DIMENSIONAL_EXPONENTS(0.E0,0.E0,0.E0,0.E0,0.E0,0.E0,0.E0);
#3025=PLANE_ANGLE_MEASURE_WITH_UNIT(PLANE_ANGLE_MEASURE(1.745329251994E-2),
#3024);
#3026=(CONVERSION_BASED_UNIT('DEGREE',#3025)NAMED_UNIT(*)PLANE_ANGLE_UNIT());
#3028=UNCERTAINTY_MEASURE_WITH_UNIT(LENGTH_MEASURE(6.850215014077E-5),#3022,
'closure',
'Maximum model space distance between geometric entities at asserted connectivities');
#3029=(GEOMETRIC_REPRESENTATION_CONTEXT(3)GLOBAL_UNCERTAINTY_ASSIGNED_CONTEXT((
#3028))GLOBAL_UNIT_ASSIGNED_CONTEXT((#3022,#3026,#3027))REPRESENTATION_CONTEXT(
'ID1','3'));
#2988=GEOMETRIC_SET('',(#2987,#3003,#3018));
#3033=SHAPE_REPRESENTATION_RELATIONSHIP('','',#3032,#3030);
#3034=SHAPE_REPRESENTATION_RELATIONSHIP('','',#3032,#3031);
#3035=APPLICATION_CONTEXT(
'CONFIGURATION CONTROLLED 3D DESIGNS OF MECHANICAL PARTS AND ASSEMBLIES');
#3036=APPLICATION_PROTOCOL_DEFINITION('international standard',
'config_control_design',1994,#3035);
#3037=DESIGN_CONTEXT('',#3035,'design');
#3038=MECHANICAL_CONTEXT('',#3035,'mechanical');
#3039=PRODUCT('1718564003','1718564003','NOT SPECIFIED',(#3038));
#3040=PRODUCT_DEFINITION_FORMATION_WITH_SPECIFIED_SOURCE('2','LAST_VERSION',
#3039,.MADE.);
#3044=PRODUCT_CATEGORY('part','');
#3045=PRODUCT_RELATED_PRODUCT_CATEGORY('detail','',(#3039));
#3046=PRODUCT_CATEGORY_RELATIONSHIP('','',#3044,#3045);
#3047=SECURITY_CLASSIFICATION_LEVEL('unclassified');
#3048=SECURITY_CLASSIFICATION('','',#3047);
#3049=CC_DESIGN_SECURITY_CLASSIFICATION(#3048,(#3040));
#3050=APPROVAL_STATUS('approved');
#3051=APPROVAL(#3050,'');
#3052=CC_DESIGN_APPROVAL(#3051,(#3048,#3040,#3041));
#3053=CALENDAR_DATE(120,30,4);
#3054=COORDINATED_UNIVERSAL_TIME_OFFSET(5,30,.AHEAD.);
#3055=LOCAL_TIME(15,59,2.2E1,#3054);
#3056=DATE_AND_TIME(#3053,#3055);
#3057=APPROVAL_DATE_TIME(#3056,#3051);
#3058=DATE_TIME_ROLE('creation_date');
#3059=CC_DESIGN_DATE_AND_TIME_ASSIGNMENT(#3056,#3058,(#3041));
#3060=DATE_TIME_ROLE('classification_date');
#3061=CC_DESIGN_DATE_AND_TIME_ASSIGNMENT(#3056,#3060,(#3048));
#3062=PERSON('UNSPECIFIED','UNSPECIFIED',$,$,$,$);
#3063=ORGANIZATION('UNSPECIFIED','UNSPECIFIED','UNSPECIFIED');
#3064=PERSON_AND_ORGANIZATION(#3062,#3063);
#3065=APPROVAL_ROLE('approver');
#3066=APPROVAL_PERSON_ORGANIZATION(#3064,#3051,#3065);
#3067=PERSON_AND_ORGANIZATION_ROLE('creator');
#3068=CC_DESIGN_PERSON_AND_ORGANIZATION_ASSIGNMENT(#3064,#3067,(#3040,#3041));
#3069=PERSON_AND_ORGANIZATION_ROLE('design_supplier');
#3070=CC_DESIGN_PERSON_AND_ORGANIZATION_ASSIGNMENT(#3064,#3069,(#3040));
#3071=PERSON_AND_ORGANIZATION_ROLE('classification_officer');
#3072=CC_DESIGN_PERSON_AND_ORGANIZATION_ASSIGNMENT(#3064,#3071,(#3048));
#3073=PERSON_AND_ORGANIZATION_ROLE('design_owner');
#3074=CC_DESIGN_PERSON_AND_ORGANIZATION_ASSIGNMENT(#3064,#3073,(#3039));
#341=CIRCLE('',#340,1.6E-2);
#474=CIRCLE('',#473,1.6E-2);
#1356=EDGE_CURVE('',#1029,#1030,#4,.T.);
#1358=EDGE_CURVE('',#1030,#1032,#8,.T.);
#1360=EDGE_CURVE('',#1032,#1034,#12,.T.);
#1362=EDGE_CURVE('',#1034,#1029,#16,.T.);
#1366=EDGE_CURVE('',#1162,#1157,#20,.T.);
#1368=EDGE_CURVE('',#1165,#1162,#24,.T.);
#1370=EDGE_CURVE('',#1170,#1165,#28,.T.);
#1372=EDGE_CURVE('',#1157,#1170,#32,.T.);
#1382=EDGE_CURVE('',#1189,#1190,#36,.T.);
#1384=EDGE_CURVE('',#1192,#1189,#40,.T.);
#1386=EDGE_CURVE('',#1178,#1192,#128,.T.);
#1388=EDGE_CURVE('',#1178,#1174,#44,.T.);
#1390=EDGE_CURVE('',#1173,#1174,#48,.T.);
#1392=EDGE_CURVE('',#1176,#1173,#52,.T.);
#1394=EDGE_CURVE('',#1130,#1176,#116,.T.);
#1396=EDGE_CURVE('',#1130,#1126,#56,.T.);
#1398=EDGE_CURVE('',#1125,#1126,#60,.T.);
#1400=EDGE_CURVE('',#1128,#1125,#64,.T.);
#1402=EDGE_CURVE('',#1030,#1128,#104,.T.);
#1405=EDGE_CURVE('',#1029,#1037,#68,.T.);
#1407=EDGE_CURVE('',#1037,#1038,#216,.T.);
#1409=EDGE_CURVE('',#1194,#1038,#136,.T.);
#1411=EDGE_CURVE('',#1194,#1190,#72,.T.);
#1422=EDGE_CURVE('',#1202,#1190,#76,.T.);
#1424=EDGE_CURVE('',#1201,#1202,#164,.T.);
#1426=EDGE_CURVE('',#1189,#1201,#80,.T.);
#1430=EDGE_CURVE('',#1229,#1230,#84,.T.);
#1432=EDGE_CURVE('',#1230,#1234,#88,.T.);
#1434=EDGE_CURVE('',#1233,#1234,#92,.T.);
#1436=EDGE_CURVE('',#1229,#1233,#96,.T.);
#1447=EDGE_CURVE('',#1194,#1198,#132,.T.);
#1449=EDGE_CURVE('',#1198,#1202,#168,.T.);
#1460=EDGE_CURVE('',#1128,#1132,#100,.T.);
#1462=EDGE_CURVE('',#1032,#1132,#176,.T.);
#1474=EDGE_CURVE('',#1176,#1180,#108,.T.);
#1476=EDGE_CURVE('',#1134,#1180,#192,.T.);
#1478=EDGE_CURVE('',#1130,#1134,#112,.T.);
#1489=EDGE_CURVE('',#1192,#1196,#120,.T.);
#1491=EDGE_CURVE('',#1182,#1196,#208,.T.);
#1493=EDGE_CURVE('',#1178,#1182,#124,.T.);
#1506=EDGE_CURVE('',#1038,#1040,#228,.T.);
#1508=EDGE_CURVE('',#1198,#1040,#172,.T.);
#1519=EDGE_CURVE('',#1125,#1137,#144,.T.);
#1521=EDGE_CURVE('',#1132,#1137,#180,.T.);
#1533=EDGE_CURVE('',#1138,#1126,#140,.T.);
#1535=EDGE_CURVE('',#1137,#1138,#184,.T.);
#1540=EDGE_CURVE('',#1116,#1118,#148,.T.);
#1542=EDGE_CURVE('',#1118,#1122,#152,.T.);
#1544=EDGE_CURVE('',#1120,#1122,#156,.T.);
#1546=EDGE_CURVE('',#1116,#1120,#160,.T.);
#1558=EDGE_CURVE('',#1134,#1138,#188,.T.);
#1572=EDGE_CURVE('',#1040,#1042,#224,.T.);
#1574=EDGE_CURVE('',#1073,#1042,#260,.T.);
#1576=EDGE_CURVE('',#1073,#1057,#498,.T.);
#1578=EDGE_CURVE('',#1045,#1057,#349,.T.);
#1580=EDGE_CURVE('',#1069,#1045,#316,.T.);
#1582=EDGE_CURVE('',#1034,#1069,#264,.T.);
#1590=EDGE_CURVE('',#1180,#1185,#196,.T.);
#1592=EDGE_CURVE('',#1185,#1186,#200,.T.);
#1594=EDGE_CURVE('',#1182,#1186,#204,.T.);
#1597=EDGE_CURVE('',#1196,#1201,#212,.T.);
#1608=EDGE_CURVE('',#1042,#1037,#220,.T.);
#1614=EDGE_CURVE('',#1146,#1141,#232,.T.);
#1616=EDGE_CURVE('',#1146,#1149,#236,.T.);
#1618=EDGE_CURVE('',#1154,#1149,#240,.T.);
#1620=EDGE_CURVE('',#1154,#1141,#244,.T.);
#1630=EDGE_CURVE('',#1069,#1070,#248,.T.);
#1632=EDGE_CURVE('',#1070,#1074,#252,.T.);
#1634=EDGE_CURVE('',#1073,#1074,#256,.T.);
#1643=EDGE_CURVE('',#1077,#1078,#268,.T.);
#1645=EDGE_CURVE('',#1077,#1081,#272,.T.);
#1647=EDGE_CURVE('',#1081,#1082,#276,.T.);
#1649=EDGE_CURVE('',#1078,#1082,#280,.T.);
#1653=EDGE_CURVE('',#1205,#1206,#284,.T.);
#1655=EDGE_CURVE('',#1205,#1209,#288,.T.);
#1657=EDGE_CURVE('',#1209,#1210,#292,.T.);
#1659=EDGE_CURVE('',#1206,#1210,#296,.T.);
#1663=EDGE_CURVE('',#1221,#1222,#300,.T.);
#1665=EDGE_CURVE('',#1221,#1225,#304,.T.);
#1667=EDGE_CURVE('',#1225,#1226,#308,.T.);
#1669=EDGE_CURVE('',#1222,#1226,#312,.T.);
#1681=EDGE_CURVE('',#1045,#1046,#320,.T.);
#1683=EDGE_CURVE('',#1046,#1048,#324,.T.);
#1685=EDGE_CURVE('',#1048,#1050,#328,.T.);
#1687=EDGE_CURVE('',#1050,#1052,#332,.T.);
#1689=EDGE_CURVE('',#1052,#1054,#336,.T.);
#1691=EDGE_CURVE('',#1054,#1070,#341,.T.);
#1701=EDGE_CURVE('',#1345,#1346,#345,.T.);
#1703=EDGE_CURVE('',#1046,#1345,#469,.T.);
#1707=EDGE_CURVE('',#1057,#1058,#494,.T.);
#1709=EDGE_CURVE('',#1349,#1058,#465,.T.);
#1711=EDGE_CURVE('',#1349,#1350,#353,.T.);
#1713=EDGE_CURVE('',#1346,#1350,#357,.T.);
#1724=EDGE_CURVE('',#1346,#1317,#361,.T.);
#1726=EDGE_CURVE('',#1317,#1318,#365,.T.);
#1728=EDGE_CURVE('',#1318,#1320,#369,.T.);
#1730=EDGE_CURVE('',#1320,#1301,#373,.T.);
#1732=EDGE_CURVE('',#1301,#1302,#377,.T.);
#1734=EDGE_CURVE('',#1302,#1304,#381,.T.);
#1736=EDGE_CURVE('',#1304,#1306,#385,.T.);
#1738=EDGE_CURVE('',#1306,#1308,#389,.T.);
#1740=EDGE_CURVE('',#1308,#1310,#393,.T.);
#1742=EDGE_CURVE('',#1310,#1312,#397,.T.);
#1744=EDGE_CURVE('',#1312,#1314,#401,.T.);
#1746=EDGE_CURVE('',#1314,#1345,#405,.T.);
#1757=EDGE_CURVE('',#1350,#1339,#453,.T.);
#1759=EDGE_CURVE('',#1317,#1339,#554,.T.);
#1771=EDGE_CURVE('',#1336,#1349,#409,.T.);
#1773=EDGE_CURVE('',#1334,#1336,#413,.T.);
#1775=EDGE_CURVE('',#1332,#1334,#417,.T.);
#1777=EDGE_CURVE('',#1330,#1332,#421,.T.);
#1779=EDGE_CURVE('',#1328,#1330,#425,.T.);
#1781=EDGE_CURVE('',#1326,#1328,#429,.T.);
#1783=EDGE_CURVE('',#1324,#1326,#433,.T.);
#1785=EDGE_CURVE('',#1323,#1324,#437,.T.);
#1787=EDGE_CURVE('',#1342,#1323,#441,.T.);
#1789=EDGE_CURVE('',#1340,#1342,#445,.T.);
#1791=EDGE_CURVE('',#1339,#1340,#449,.T.);
#1802=EDGE_CURVE('',#1345,#1349,#461,.T.);
#1805=EDGE_CURVE('',#1314,#1336,#457,.T.);
#1818=EDGE_CURVE('',#1058,#1060,#490,.T.);
#1820=EDGE_CURVE('',#1048,#1060,#514,.T.);
#1833=EDGE_CURVE('',#1066,#1074,#474,.T.);
#1835=EDGE_CURVE('',#1064,#1066,#478,.T.);
#1837=EDGE_CURVE('',#1062,#1064,#482,.T.);
#1839=EDGE_CURVE('',#1060,#1062,#486,.T.);
#1854=EDGE_CURVE('',#1054,#1066,#502,.T.);
#1866=EDGE_CURVE('',#1052,#1064,#506,.T.);
#1879=EDGE_CURVE('',#1050,#1062,#510,.T.);
#1904=EDGE_CURVE('',#1312,#1334,#518,.T.);
#1917=EDGE_CURVE('',#1310,#1332,#522,.T.);
#1930=EDGE_CURVE('',#1308,#1330,#526,.T.);
#1943=EDGE_CURVE('',#1306,#1328,#530,.T.);
#1956=EDGE_CURVE('',#1304,#1326,#534,.T.);
#1969=EDGE_CURVE('',#1302,#1324,#538,.T.);
#1982=EDGE_CURVE('',#1301,#1323,#542,.T.);
#1995=EDGE_CURVE('',#1320,#1342,#546,.T.);
#2008=EDGE_CURVE('',#1318,#1340,#550,.T.);
#2032=EDGE_CURVE('',#1086,#1096,#558,.T.);
#2034=EDGE_CURVE('',#1086,#1077,#562,.T.);
#2037=EDGE_CURVE('',#1078,#1096,#566,.T.);
#2047=EDGE_CURVE('',#1102,#1112,#570,.T.);
#2049=EDGE_CURVE('',#1102,#1118,#574,.T.);
#2052=EDGE_CURVE('',#1116,#1112,#578,.T.);
#2063=EDGE_CURVE('',#1098,#1096,#582,.T.);
#2065=EDGE_CURVE('',#1090,#1098,#630,.T.);
#2067=EDGE_CURVE('',#1090,#1086,#642,.T.);
#2077=EDGE_CURVE('',#1094,#1096,#590,.T.);
#2079=EDGE_CURVE('',#1092,#1094,#586,.T.);
#2081=EDGE_CURVE('',#1092,#1098,#634,.T.);
#2095=EDGE_CURVE('',#1082,#1094,#602,.T.);
#2105=EDGE_CURVE('',#1101,#1102,#594,.T.);
#2107=EDGE_CURVE('',#1101,#1122,#618,.T.);
#2119=EDGE_CURVE('',#1094,#1085,#598,.T.);
#2123=EDGE_CURVE('',#1085,#1081,#606,.T.);
#2133=EDGE_CURVE('',#1110,#1101,#610,.T.);
#2135=EDGE_CURVE('',#1120,#1110,#614,.T.);
#2147=EDGE_CURVE('',#1092,#1089,#638,.T.);
#2151=EDGE_CURVE('',#1089,#1085,#622,.T.);
#2161=EDGE_CURVE('',#1089,#1090,#626,.T.);
#2174=EDGE_CURVE('',#1085,#1086,#646,.T.);
#2199=EDGE_CURVE('',#1110,#1112,#650,.T.);
#2213=EDGE_CURVE('',#1108,#1110,#654,.T.);
#2215=EDGE_CURVE('',#1108,#1114,#666,.T.);
#2217=EDGE_CURVE('',#1114,#1112,#682,.T.);
#2227=EDGE_CURVE('',#1108,#1105,#670,.T.);
#2231=EDGE_CURVE('',#1101,#1105,#678,.T.);
#2241=EDGE_CURVE('',#1105,#1106,#658,.T.);
#2243=EDGE_CURVE('',#1106,#1114,#662,.T.);
#2256=EDGE_CURVE('',#1106,#1102,#674,.T.);
#2280=EDGE_CURVE('',#1238,#1248,#686,.T.);
#2282=EDGE_CURVE('',#1238,#1205,#690,.T.);
#2285=EDGE_CURVE('',#1206,#1248,#694,.T.);
#2295=EDGE_CURVE('',#1254,#1264,#698,.T.);
#2297=EDGE_CURVE('',#1254,#1214,#702,.T.);
#2299=EDGE_CURVE('',#1213,#1214,#822,.T.);
#2301=EDGE_CURVE('',#1213,#1264,#706,.T.);
#2312=EDGE_CURVE('',#1250,#1248,#710,.T.);
#2314=EDGE_CURVE('',#1242,#1250,#758,.T.);
#2316=EDGE_CURVE('',#1242,#1238,#770,.T.);
#2326=EDGE_CURVE('',#1246,#1248,#718,.T.);
#2328=EDGE_CURVE('',#1244,#1246,#714,.T.);
#2330=EDGE_CURVE('',#1244,#1250,#762,.T.);
#2344=EDGE_CURVE('',#1210,#1246,#730,.T.);
#2354=EDGE_CURVE('',#1253,#1254,#722,.T.);
#2356=EDGE_CURVE('',#1253,#1218,#746,.T.);
#2358=EDGE_CURVE('',#1214,#1218,#826,.T.);
#2369=EDGE_CURVE('',#1246,#1237,#726,.T.);
#2373=EDGE_CURVE('',#1237,#1209,#734,.T.);
#2383=EDGE_CURVE('',#1262,#1253,#738,.T.);
#2385=EDGE_CURVE('',#1217,#1262,#742,.T.);
#2387=EDGE_CURVE('',#1217,#1218,#830,.T.);
#2398=EDGE_CURVE('',#1244,#1241,#766,.T.);
#2402=EDGE_CURVE('',#1241,#1237,#750,.T.);
#2412=EDGE_CURVE('',#1241,#1242,#754,.T.);
#2425=EDGE_CURVE('',#1237,#1238,#774,.T.);
#2450=EDGE_CURVE('',#1262,#1264,#778,.T.);
#2453=EDGE_CURVE('',#1213,#1217,#834,.T.);
#2465=EDGE_CURVE('',#1260,#1262,#782,.T.);
#2467=EDGE_CURVE('',#1260,#1266,#794,.T.);
#2469=EDGE_CURVE('',#1266,#1264,#810,.T.);
#2479=EDGE_CURVE('',#1260,#1257,#798,.T.);
#2483=EDGE_CURVE('',#1253,#1257,#806,.T.);
#2493=EDGE_CURVE('',#1257,#1258,#786,.T.);
#2495=EDGE_CURVE('',#1258,#1266,#790,.T.);
#2508=EDGE_CURVE('',#1258,#1254,#802,.T.);
#2533=EDGE_CURVE('',#1186,#1174,#814,.T.);
#2536=EDGE_CURVE('',#1173,#1185,#818,.T.);
#2576=EDGE_CURVE('',#1270,#1280,#838,.T.);
#2578=EDGE_CURVE('',#1270,#1221,#842,.T.);
#2581=EDGE_CURVE('',#1222,#1280,#846,.T.);
#2591=EDGE_CURVE('',#1286,#1296,#850,.T.);
#2593=EDGE_CURVE('',#1286,#1230,#854,.T.);
#2596=EDGE_CURVE('',#1229,#1296,#858,.T.);
#2607=EDGE_CURVE('',#1282,#1280,#862,.T.);
#2609=EDGE_CURVE('',#1274,#1282,#910,.T.);
#2611=EDGE_CURVE('',#1274,#1270,#922,.T.);
#2621=EDGE_CURVE('',#1278,#1280,#870,.T.);
#2623=EDGE_CURVE('',#1276,#1278,#866,.T.);
#2625=EDGE_CURVE('',#1276,#1282,#914,.T.);
#2639=EDGE_CURVE('',#1226,#1278,#882,.T.);
#2649=EDGE_CURVE('',#1285,#1286,#874,.T.);
#2651=EDGE_CURVE('',#1285,#1234,#898,.T.);
#2663=EDGE_CURVE('',#1278,#1269,#878,.T.);
#2667=EDGE_CURVE('',#1269,#1225,#886,.T.);
#2677=EDGE_CURVE('',#1294,#1285,#890,.T.);
#2679=EDGE_CURVE('',#1233,#1294,#894,.T.);
#2691=EDGE_CURVE('',#1276,#1273,#918,.T.);
#2695=EDGE_CURVE('',#1273,#1269,#902,.T.);
#2705=EDGE_CURVE('',#1273,#1274,#906,.T.);
#2718=EDGE_CURVE('',#1269,#1270,#926,.T.);
#2743=EDGE_CURVE('',#1294,#1296,#930,.T.);
#2757=EDGE_CURVE('',#1292,#1294,#934,.T.);
#2759=EDGE_CURVE('',#1292,#1298,#946,.T.);
#2761=EDGE_CURVE('',#1298,#1296,#962,.T.);
#2771=EDGE_CURVE('',#1292,#1289,#950,.T.);
#2775=EDGE_CURVE('',#1285,#1289,#958,.T.);
#2785=EDGE_CURVE('',#1289,#1290,#938,.T.);
#2787=EDGE_CURVE('',#1290,#1298,#942,.T.);
#2800=EDGE_CURVE('',#1290,#1286,#954,.T.);
#2824=EDGE_CURVE('',#1141,#1142,#966,.T.);
#2826=EDGE_CURVE('',#1144,#1142,#982,.T.);
#2828=EDGE_CURVE('',#1144,#1146,#974,.T.);
#2841=EDGE_CURVE('',#1152,#1154,#970,.T.);
#2843=EDGE_CURVE('',#1152,#1142,#986,.T.);
#2853=EDGE_CURVE('',#1149,#1150,#978,.T.);
#2855=EDGE_CURVE('',#1152,#1150,#990,.T.);
#2868=EDGE_CURVE('',#1144,#1150,#994,.T.);
#2904=EDGE_CURVE('',#1157,#1158,#998,.T.);
#2906=EDGE_CURVE('',#1160,#1158,#1014,.T.);
#2908=EDGE_CURVE('',#1160,#1162,#1006,.T.);
#2921=EDGE_CURVE('',#1168,#1170,#1002,.T.);
#2923=EDGE_CURVE('',#1158,#1168,#1018,.T.);
#2933=EDGE_CURVE('',#1165,#1166,#1010,.T.);
#2935=EDGE_CURVE('',#1168,#1166,#1022,.T.);
#2948=EDGE_CURVE('',#1166,#1160,#1026,.T.);
#2977=CIRCLE('',#2976,2.25E-2);
#2978=TRIMMED_CURVE('',#2977,(PARAMETER_VALUE(0.E0)),(PARAMETER_VALUE(1.8E2)),
.T.,.UNSPECIFIED.);
#2979=COMPOSITE_CURVE_SEGMENT(.CONTINUOUS.,.T.,#2978);
#2984=CIRCLE('',#2983,2.25E-2);
#2985=TRIMMED_CURVE('',#2984,(PARAMETER_VALUE(0.E0)),(PARAMETER_VALUE(1.8E2)),
.T.,.UNSPECIFIED.);
#2986=COMPOSITE_CURVE_SEGMENT(.CONTINUOUS.,.T.,#2985);
#2987=COMPOSITE_CURVE('',(#2979,#2986),.F.);
#2993=CIRCLE('',#2992,2.25E-2);
#2994=TRIMMED_CURVE('',#2993,(PARAMETER_VALUE(0.E0)),(PARAMETER_VALUE(1.8E2)),
.T.,.UNSPECIFIED.);
#2995=COMPOSITE_CURVE_SEGMENT(.CONTINUOUS.,.T.,#2994);
#3000=CIRCLE('',#2999,2.25E-2);
#3001=TRIMMED_CURVE('',#3000,(PARAMETER_VALUE(0.E0)),(PARAMETER_VALUE(1.8E2)),
.T.,.UNSPECIFIED.);
#3002=COMPOSITE_CURVE_SEGMENT(.CONTINUOUS.,.T.,#3001);
#3003=COMPOSITE_CURVE('',(#2995,#3002),.F.);
#3008=CIRCLE('',#3007,2.25E-2);
#3009=TRIMMED_CURVE('',#3008,(PARAMETER_VALUE(0.E0)),(PARAMETER_VALUE(1.8E2)),
.T.,.UNSPECIFIED.);
#3010=COMPOSITE_CURVE_SEGMENT(.CONTINUOUS.,.T.,#3009);
#3015=CIRCLE('',#3014,2.25E-2);
#3016=TRIMMED_CURVE('',#3015,(PARAMETER_VALUE(0.E0)),(PARAMETER_VALUE(1.8E2)),
.T.,.UNSPECIFIED.);
#3017=COMPOSITE_CURVE_SEGMENT(.CONTINUOUS.,.T.,#3016);
#3018=COMPOSITE_CURVE('',(#3010,#3017),.F.);
#3020=(LENGTH_UNIT()NAMED_UNIT(*)SI_UNIT(.MILLI.,.METRE.));
#3024=(NAMED_UNIT(*)PLANE_ANGLE_UNIT()SI_UNIT($,.RADIAN.));
#3027=(NAMED_UNIT(*)SI_UNIT($,.STERADIAN.)SOLID_ANGLE_UNIT());
#3030=ADVANCED_BREP_SHAPE_REPRESENTATION('',(#2968),#3029);
#3031=GEOMETRICALLY_BOUNDED_SURFACE_SHAPE_REPRESENTATION('',(#2988),#3029);
#3032=SHAPE_REPRESENTATION('',(#2972),#3029);
#3041=PRODUCT_DEFINITION('design','',#3040,#3037);
#3042=PRODUCT_DEFINITION_SHAPE('','SHAPE FOR 1718564003.',#3041);
#3043=SHAPE_DEFINITION_REPRESENTATION(#3042,#3032);
ENDSEC;
END-ISO-10303-21;
